"GAME_ID","EVENTNUM","EVENTMSGTYPE","EVENTMSGACTIONTYPE","PERIOD","WCTIMESTRING","PCTIMESTRING","HOMEDESCRIPTION","NEUTRALDESCRIPTION","VISITORDESCRIPTION","SCORE","SCOREMARGIN","PERSON1TYPE","PLAYER1_ID","PLAYER1_NAME","PLAYER1_TEAM_ID","PLAYER1_TEAM_CITY","PLAYER1_TEAM_NICKNAME","PLAYER1_TEAM_ABBREVIATION","PERSON2TYPE","PLAYER2_ID","PLAYER2_NAME","PLAYER2_TEAM_ID","PLAYER2_TEAM_CITY","PLAYER2_TEAM_NICKNAME","PLAYER2_TEAM_ABBREVIATION","PERSON3TYPE","PLAYER3_ID","PLAYER3_NAME","PLAYER3_TEAM_ID","PLAYER3_TEAM_CITY","PLAYER3_TEAM_NICKNAME","PLAYER3_TEAM_ABBREVIATION","VIDEO_AVAILABLE_FLAG","NA"
"2052200270","2","12","0","1","9:32 PM","12:00",NA,"Start of 1st Period (9:32 PM EST)",NA,NA,NA,"0","0",NA,NA,NA,NA,NA,"0","0",NA,NA,NA,NA,NA,"0","0",NA,NA,NA,NA,NA,"0",0
"2052200270","4","10","0","1","9:34 PM","12:00","Jump Ball White vs. Cheatham: Tip to Grady",NA,NA,NA,NA,"4","1631298","Jack White","1612709917","Grand Rapids","Gold","GRG","5","1629597","Zylan Cheatham","1612709913","Birmingham","Squadron","BIR","4","1631242","Kellan Grady","1612709917","Grand Rapids","Gold","GRG","0",0
"2052200270","7","1","1","1","9:34 PM","11:38","Grady 27' 3PT Jump Shot (3 PTS) (Golden 1 AST)",NA,NA,"0 - 3","3","4","1631242","Kellan Grady","1612709917","Grand Rapids","Gold","GRG","4","1631371","Grant Golden","1612709917","Grand Rapids","Gold","GRG","0","0",NA,NA,NA,NA,NA,"0",0
"2052200270","9","2","79","1","9:34 PM","11:11",NA,NA,"MISS Cheatham 21' Pullup Jump Shot",NA,NA,"5","1629597","Zylan Cheatham","1612709913","Birmingham","Squadron","BIR","0","0",NA,NA,NA,NA,NA,"0","0",NA,NA,NA,NA,NA,"0",0
"2052200270","10","4","0","1","9:34 PM","11:09","Grady REBOUND (Off:0 Def:1)",NA,NA,NA,NA,"4","1631242","Kellan Grady","1612709917","Grand Rapids","Gold","GRG","0","0",NA,NA,NA,NA,NA,"0","0",NA,NA,NA,NA,NA,"0",0
"2052200270","11","1","41","1","9:34 PM","11:04","Butler 3' Running Layup (2 PTS) (Grady 1 AST)",NA,NA,"0 - 5","5","4","1630215","Jared Butler","1612709917","Grand Rapids","Gold","GRG","4","1631242","Kellan Grady","1612709917","Grand Rapids","Gold","GRG","0","0",NA,NA,NA,NA,NA,"0",0
"2052200270","13","5","45","1","9:35 PM","10:47",NA,NA,"Lewis Jr. Out of Bounds - Bad Pass Turnover Turnover (P1.T1)",NA,NA,"5","1630184","Kira Lewis Jr.","1612709913","Birmingham","Squadron","BIR","0","0",NA,NA,NA,NA,NA,"1","0",NA,NA,NA,NA,NA,"0",0
"2052200270","14","5","39","1","9:35 PM","10:26","White Step Out of Bounds Turnover (P1.T1)",NA,NA,NA,NA,"4","1631298","Jack White","1612709917","Grand Rapids","Gold","GRG","0","0",NA,NA,NA,NA,NA,"1","0",NA,NA,NA,NA,NA,"0",0
"2052200270","15","2","1","1","9:36 PM","10:16",NA,NA,"MISS Martin 27' 3PT Jump Shot",NA,NA,"5","1629103","Kelan Martin","1612709913","Birmingham","Squadron","BIR","0","0",NA,NA,NA,NA,NA,"0","0",NA,NA,NA,NA,NA,"0",0
"2052200270","16","4","0","1","9:36 PM","10:13","Arms REBOUND (Off:0 Def:1)",NA,NA,NA,NA,"4","1631317","Adonis Arms","1612709917","Grand Rapids","Gold","GRG","0","0",NA,NA,NA,NA,NA,"0","0",NA,NA,NA,NA,NA,"0",0
"2052200270","17","2","101","1","9:36 PM","10:05","MISS Butler 9' Driving Floating Jump Shot",NA,NA,NA,NA,"4","1630215","Jared Butler","1612709917","Grand Rapids","Gold","GRG","0","0",NA,NA,NA,NA,NA,"0","0",NA,NA,NA,NA,NA,"0",0
"2052200270","18","4","0","1","9:36 PM","10:02",NA,NA,"Seabron REBOUND (Off:0 Def:1)",NA,NA,"5","1631220","Dereon Seabron","1612709913","Birmingham","Squadron","BIR","0","0",NA,NA,NA,NA,NA,"0","0",NA,NA,NA,NA,NA,"0",0
"2052200270","19","2","2","1","9:36 PM","9:59",NA,NA,"MISS Petty Jr. 24' 3PT Running Jump Shot",NA,NA,"5","1630566","John Petty Jr.","1612709913","Birmingham","Squadron","BIR","0","0",NA,NA,NA,NA,NA,"0","0",NA,NA,NA,NA,NA,"0",0
"2052200270","20","4","0","1","9:36 PM","9:54",NA,NA,"Cheatham REBOUND (Off:1 Def:0)",NA,NA,"5","1629597","Zylan Cheatham","1612709913","Birmingham","Squadron","BIR","0","0",NA,NA,NA,NA,NA,"0","0",NA,NA,NA,NA,NA,"0",0
"2052200270","21","5","1","1","9:36 PM","9:49","White STEAL (1 STL)",NA,"Cheatham Bad Pass Turnover (P1.T2)",NA,NA,"5","1629597","Zylan Cheatham","1612709913","Birmingham","Squadron","BIR","4","1631298","Jack White","1612709917","Grand Rapids","Gold","GRG","0","0",NA,NA,NA,NA,NA,"0",0
"2052200270","23","1","1","1","9:36 PM","9:37","White 25' 3PT Jump Shot (3 PTS) (Butler 1 AST)",NA,NA,"0 - 8","8","4","1631298","Jack White","1612709917","Grand Rapids","Gold","GRG","4","1630215","Jared Butler","1612709917","Grand Rapids","Gold","GRG","0","0",NA,NA,NA,NA,NA,"0",0
"2052200270","25","1","6","1","9:36 PM","9:18",NA,NA,"Seabron 3' Driving Layup (2 PTS)","2 - 8","6","5","1631220","Dereon Seabron","1612709913","Birmingham","Squadron","BIR","0","0",NA,NA,NA,NA,NA,"0","0",NA,NA,NA,NA,NA,"0",0
"2052200270","26","5","1","1","9:37 PM","8:58","Butler Bad Pass Turnover (P1.T2)",NA,"Cheatham STEAL (1 STL)",NA,NA,"4","1630215","Jared Butler","1612709917","Grand Rapids","Gold","GRG","5","1629597","Zylan Cheatham","1612709913","Birmingham","Squadron","BIR","0","0",NA,NA,NA,NA,NA,"0",0
"2052200270","28","5","2","1","9:37 PM","8:41","Butler STEAL (1 STL)",NA,"Seabron Lost Ball Turnover (P1.T3)",NA,NA,"5","1631220","Dereon Seabron","1612709913","Birmingham","Squadron","BIR","4","1630215","Jared Butler","1612709917","Grand Rapids","Gold","GRG","0","0",NA,NA,NA,NA,NA,"0",0
"2052200270","30","1","41","1","9:37 PM","8:36","Arms 3' Running Layup (2 PTS) (Butler 2 AST)",NA,NA,"2 - 10","8","4","1631317","Adonis Arms","1612709917","Grand Rapids","Gold","GRG","4","1630215","Jared Butler","1612709917","Grand Rapids","Gold","GRG","0","0",NA,NA,NA,NA,NA,"0",0
"2052200270","32","2","101","1","9:37 PM","8:20",NA,NA,"MISS Lewis Jr. 9' Driving Floating Jump Shot",NA,NA,"5","1630184","Kira Lewis Jr.","1612709913","Birmingham","Squadron","BIR","0","0",NA,NA,NA,NA,NA,"0","0",NA,NA,NA,NA,NA,"0",0
"2052200270","33","4","0","1","9:38 PM","8:17","Butler REBOUND (Off:0 Def:1)",NA,NA,NA,NA,"4","1630215","Jared Butler","1612709917","Grand Rapids","Gold","GRG","0","0",NA,NA,NA,NA,NA,"0","0",NA,NA,NA,NA,NA,"0",0
"2052200270","35","1","1","1","9:38 PM","7:55","Grady 25' 3PT Jump Shot (6 PTS) (Butler 3 AST)",NA,NA,"2 - 13","11","4","1631242","Kellan Grady","1612709917","Grand Rapids","Gold","GRG","4","1630215","Jared Butler","1612709917","Grand Rapids","Gold","GRG","0","0",NA,NA,NA,NA,NA,"0",0
"2052200270","37","9","1","1","9:38 PM","7:54",NA,NA,"Squadron Timeout: Regular (Reg.1 Short 0)",NA,NA,"3","1612709913",NA,NA,NA,NA,NA,"0","0",NA,NA,NA,NA,NA,"0","0",NA,NA,NA,NA,NA,"0",0
"2052200270","38","8","0","1","9:40 PM","7:54",NA,NA,"SUB: Kelly, Sr. FOR Cheatham",NA,NA,"5","1629597","Zylan Cheatham","1612709913","Birmingham","Squadron","BIR","5","1631453","James Kelly, Sr.","1612709913","Birmingham","Squadron","BIR","0","0",NA,NA,NA,NA,NA,"0",0
"2052200270","39","8","0","1","9:40 PM","7:54",NA,NA,"SUB: Plowden FOR Seabron",NA,NA,"5","1631220","Dereon Seabron","1612709913","Birmingham","Squadron","BIR","5","1631342","Daeqwon Plowden","1612709913","Birmingham","Squadron","BIR","0","0",NA,NA,NA,NA,NA,"0",0
"2052200270","42","6","4","1","9:41 PM","7:48",NA,NA,"Kelly, Sr. OFF.Foul (P1)",NA,NA,"5","1631453","James Kelly, Sr.","1612709913","Birmingham","Squadron","BIR","4","1630215","Jared Butler","1612709917","Grand Rapids","Gold","GRG","1","0",NA,NA,NA,NA,NA,"0",0
"2052200270","44","5","37","1","9:41 PM","7:48",NA,NA,"Kelly, Sr. Offensive Foul Turnover (P1.T4)",NA,NA,"5","1631453","James Kelly, Sr.","1612709913","Birmingham","Squadron","BIR","0","0",NA,NA,NA,NA,NA,"1","0",NA,NA,NA,NA,NA,"0",0
"2052200270","45","5","45","1","9:41 PM","7:37","Golden Out of Bounds - Bad Pass Turnover Turnover (P1.T3)",NA,NA,NA,NA,"4","1631371","Grant Golden","1612709917","Grand Rapids","Gold","GRG","0","0",NA,NA,NA,NA,NA,"1","0",NA,NA,NA,NA,NA,"0",0
"2052200270","46","2","6","1","9:41 PM","7:27",NA,NA,"MISS Martin 4' Driving Layup",NA,NA,"5","1629103","Kelan Martin","1612709913","Birmingham","Squadron","BIR","0","0",NA,NA,NA,NA,NA,"0","0",NA,NA,NA,NA,NA,"0",0
"2052200270","47","4","0","1","9:41 PM","7:26",NA,NA,"Kelly, Sr. REBOUND (Off:1 Def:0)",NA,NA,"5","1631453","James Kelly, Sr.","1612709913","Birmingham","Squadron","BIR","0","0",NA,NA,NA,NA,NA,"0","0",NA,NA,NA,NA,NA,"0",0
"2052200270","48","2","97","1","9:41 PM","7:26",NA,NA,"MISS Kelly, Sr. Tip Layup Shot",NA,NA,"5","1631453","James Kelly, Sr.","1612709913","Birmingham","Squadron","BIR","0","0",NA,NA,NA,NA,NA,"0","0",NA,NA,NA,NA,NA,"0",0
"2052200270","49","4","0","1","9:41 PM","7:24","White REBOUND (Off:0 Def:1)",NA,NA,NA,NA,"4","1631298","Jack White","1612709917","Grand Rapids","Gold","GRG","0","0",NA,NA,NA,NA,NA,"0","0",NA,NA,NA,NA,NA,"0",0
"2052200270","50","5","1","1","9:41 PM","7:16","White Bad Pass Turnover (P2.T4)",NA,"Martin STEAL (1 STL)",NA,NA,"4","1631298","Jack White","1612709917","Grand Rapids","Gold","GRG","5","1629103","Kelan Martin","1612709913","Birmingham","Squadron","BIR","0","0",NA,NA,NA,NA,NA,"0",0
"2052200270","52","5","40","1","9:41 PM","7:15",NA,NA,"Martin Out of Bounds Lost Ball Turnover (P1.T5)",NA,NA,"5","1629103","Kelan Martin","1612709913","Birmingham","Squadron","BIR","0","0",NA,NA,NA,NA,NA,"1","0",NA,NA,NA,NA,NA,"0",0
"2052200270","53","1","101","1","9:42 PM","6:59","Golden 11' Driving Floating Jump Shot (2 PTS) (Grady 2 AST)",NA,NA,"2 - 15","13","4","1631371","Grant Golden","1612709917","Grand Rapids","Gold","GRG","4","1631242","Kellan Grady","1612709917","Grand Rapids","Gold","GRG","0","0",NA,NA,NA,NA,NA,"0",0
"2052200270","54","1","80","1","9:42 PM","6:47",NA,NA,"Martin 26' 3PT Step Back Jump Shot (3 PTS) (Kelly, Sr. 1 AST)","5 - 15","10","5","1629103","Kelan Martin","1612709913","Birmingham","Squadron","BIR","5","1631453","James Kelly, Sr.","1612709913","Birmingham","Squadron","BIR","0","0",NA,NA,NA,NA,NA,"0",0
"2052200270","55","2","1","1","9:42 PM","6:29","MISS Grady 24' 3PT Jump Shot",NA,NA,NA,NA,"4","1631242","Kellan Grady","1612709917","Grand Rapids","Gold","GRG","0","0",NA,NA,NA,NA,NA,"0","0",NA,NA,NA,NA,NA,"0",0
"2052200270","56","4","0","1","9:42 PM","6:25",NA,NA,"Martin REBOUND (Off:0 Def:1)",NA,NA,"5","1629103","Kelan Martin","1612709913","Birmingham","Squadron","BIR","0","0",NA,NA,NA,NA,NA,"0","0",NA,NA,NA,NA,NA,"0",0
"2052200270","57","2","6","1","9:43 PM","6:14",NA,NA,"MISS Lewis Jr. 3' Driving Layup",NA,NA,"5","1630184","Kira Lewis Jr.","1612709913","Birmingham","Squadron","BIR","0","0",NA,NA,NA,NA,NA,"0","0",NA,NA,NA,NA,NA,"0",0
"2052200270","58","4","0","1","9:43 PM","6:12","Golden REBOUND (Off:0 Def:1)",NA,NA,NA,NA,"4","1631371","Grant Golden","1612709917","Grand Rapids","Gold","GRG","0","0",NA,NA,NA,NA,NA,"0","0",NA,NA,NA,NA,NA,"0",0
"2052200270","59","6","2","1","9:43 PM","6:07",NA,NA,"Plowden S.FOUL (P1.T1)",NA,NA,"5","1631342","Daeqwon Plowden","1612709913","Birmingham","Squadron","BIR","4","1631298","Jack White","1612709917","Grand Rapids","Gold","GRG","1","0",NA,NA,NA,NA,NA,"0",0
"2052200270","61","8","0","1","9:43 PM","6:07","SUB: Randle FOR Grady",NA,NA,NA,NA,"4","1631242","Kellan Grady","1612709917","Grand Rapids","Gold","GRG","4","1626184","Chasson Randle","1612709917","Grand Rapids","Gold","GRG","0","0",NA,NA,NA,NA,NA,"0",0
"2052200270","71","8","0","1","9:43 PM","6:07",NA,NA,"SUB: Hunt FOR Petty Jr.",NA,NA,"5","1630566","John Petty Jr.","1612709913","Birmingham","Squadron","BIR","5","1630624","Feron Hunt","1612709913","Birmingham","Squadron","BIR","0","0",NA,NA,NA,NA,NA,"0",0
"2052200270","63","3","31","1","9:44 PM","6:07","White Free Throw 2PT (5 PTS)",NA,NA,"5 - 17","12","4","1631298","Jack White","1612709917","Grand Rapids","Gold","GRG","0","0",NA,NA,NA,NA,NA,"0","0",NA,NA,NA,NA,NA,"0",0
"2052200270","64","1","1","1","9:44 PM","5:51",NA,NA,"Kelly, Sr. 26' 3PT Jump Shot (3 PTS) (Martin 1 AST)","8 - 17","9","5","1631453","James Kelly, Sr.","1612709913","Birmingham","Squadron","BIR","5","1629103","Kelan Martin","1612709913","Birmingham","Squadron","BIR","0","0",NA,NA,NA,NA,NA,"0",0
"2052200270","66","2","80","1","9:44 PM","5:24","MISS Butler 21' Step Back Jump Shot",NA,NA,NA,NA,"4","1630215","Jared Butler","1612709917","Grand Rapids","Gold","GRG","0","0",NA,NA,NA,NA,NA,"0","0",NA,NA,NA,NA,NA,"0",0
"2052200270","67","4","0","1","9:44 PM","5:20",NA,NA,"Hunt REBOUND (Off:0 Def:1)",NA,NA,"5","1630624","Feron Hunt","1612709913","Birmingham","Squadron","BIR","0","0",NA,NA,NA,NA,NA,"0","0",NA,NA,NA,NA,NA,"0",0
"2052200270","68","1","41","1","9:44 PM","5:19",NA,NA,"Lewis Jr. 3' Running Layup (2 PTS)","10 - 17","7","5","1630184","Kira Lewis Jr.","1612709913","Birmingham","Squadron","BIR","0","0",NA,NA,NA,NA,NA,"0","0",NA,NA,NA,NA,NA,"0",0
"2052200270","69","1","98","1","9:45 PM","4:56","Randle 4' Cutting Layup Shot (2 PTS) (Golden 2 AST)",NA,NA,"10 - 19","9","4","1626184","Chasson Randle","1612709917","Grand Rapids","Gold","GRG","4","1631371","Grant Golden","1612709917","Grand Rapids","Gold","GRG","0","0",NA,NA,NA,NA,NA,"0",0
"2052200270","73","2","1","1","9:45 PM","4:39",NA,NA,"MISS Lewis Jr. 27' 3PT Jump Shot",NA,NA,"5","1630184","Kira Lewis Jr.","1612709913","Birmingham","Squadron","BIR","0","0",NA,NA,NA,NA,NA,"0","0",NA,NA,NA,NA,NA,"0",0
"2052200270","74","4","0","1","9:45 PM","4:36","White REBOUND (Off:0 Def:2)",NA,NA,NA,NA,"4","1631298","Jack White","1612709917","Grand Rapids","Gold","GRG","0","0",NA,NA,NA,NA,NA,"0","0",NA,NA,NA,NA,NA,"0",0
"2052200270","76","1","78","1","9:45 PM","4:30","Golden 9' Floating Jump Shot (4 PTS) (Randle 1 AST)",NA,NA,"10 - 21","11","4","1631371","Grant Golden","1612709917","Grand Rapids","Gold","GRG","4","1626184","Chasson Randle","1612709917","Grand Rapids","Gold","GRG","0","0",NA,NA,NA,NA,NA,"0",0
"2052200270","79","1","43","1","9:46 PM","4:02",NA,NA,"Kelly, Sr. 3' Alley Oop Layup (5 PTS) (Martin 2 AST)","12 - 21","9","5","1631453","James Kelly, Sr.","1612709913","Birmingham","Squadron","BIR","5","1629103","Kelan Martin","1612709913","Birmingham","Squadron","BIR","0","0",NA,NA,NA,NA,NA,"0",0
"2052200270","81","9","1","1","9:46 PM","3:56","GOLD Timeout: Regular (Full 1 Short 0)",NA,NA,NA,NA,"2","1612709917",NA,NA,NA,NA,NA,"0","0",NA,NA,NA,NA,NA,"0","0",NA,NA,NA,NA,NA,"0",0
"2052200270","82","8","0","1","9:47 PM","3:56","SUB: Wills FOR White",NA,NA,NA,NA,"4","1631298","Jack White","1612709917","Grand Rapids","Gold","GRG","4","1630706","Bryce Wills","1612709917","Grand Rapids","Gold","GRG","0","0",NA,NA,NA,NA,NA,"0",0
"2052200270","83","8","0","1","9:47 PM","3:56","SUB: Camper FOR Arms",NA,NA,NA,NA,"4","1631317","Adonis Arms","1612709917","Grand Rapids","Gold","GRG","4","1630720","Manny Camper","1612709917","Grand Rapids","Gold","GRG","0","0",NA,NA,NA,NA,NA,"0",0
"2052200270","84","8","0","1","9:47 PM","3:56",NA,NA,"SUB: Smart FOR Lewis Jr.",NA,NA,"5","1630184","Kira Lewis Jr.","1612709913","Birmingham","Squadron","BIR","5","1630606","Javonte Smart","1612709913","Birmingham","Squadron","BIR","0","0",NA,NA,NA,NA,NA,"0",0
"2052200270","85","8","0","1","9:47 PM","3:56",NA,NA,"SUB: Seabron FOR Martin",NA,NA,"5","1629103","Kelan Martin","1612709913","Birmingham","Squadron","BIR","5","1631220","Dereon Seabron","1612709913","Birmingham","Squadron","BIR","0","0",NA,NA,NA,NA,NA,"0",0
"2052200270","90","5","1","1","9:49 PM","3:43","Butler Bad Pass Turnover (P2.T5)",NA,"Kelly, Sr. STEAL (1 STL)",NA,NA,"4","1630215","Jared Butler","1612709917","Grand Rapids","Gold","GRG","5","1631453","James Kelly, Sr.","1612709913","Birmingham","Squadron","BIR","0","0",NA,NA,NA,NA,NA,"0",0
"2052200270","92","2","6","1","9:49 PM","3:34",NA,NA,"MISS Plowden 5' Driving Layup",NA,NA,"5","1631342","Daeqwon Plowden","1612709913","Birmingham","Squadron","BIR","0","0",NA,NA,NA,NA,NA,"0","0",NA,NA,NA,NA,NA,"0",0
"2052200270","93","4","0","1","9:49 PM","3:33",NA,NA,"Plowden REBOUND (Off:1 Def:0)",NA,NA,"5","1631342","Daeqwon Plowden","1612709913","Birmingham","Squadron","BIR","0","0",NA,NA,NA,NA,NA,"0","0",NA,NA,NA,NA,NA,"0",0
"2052200270","94","2","97","1","9:49 PM","3:33",NA,NA,"MISS Plowden Tip Layup Shot",NA,NA,"5","1631342","Daeqwon Plowden","1612709913","Birmingham","Squadron","BIR","0","0",NA,NA,NA,NA,NA,"0","0",NA,NA,NA,NA,NA,"0",0
"2052200270","95","4","0","1","9:49 PM","3:32",NA,NA,"Plowden REBOUND (Off:2 Def:0)",NA,NA,"5","1631342","Daeqwon Plowden","1612709913","Birmingham","Squadron","BIR","0","0",NA,NA,NA,NA,NA,"0","0",NA,NA,NA,NA,NA,"0",0
"2052200270","96","2","97","1","9:49 PM","3:32",NA,NA,"MISS Plowden Tip Layup Shot",NA,NA,"5","1631342","Daeqwon Plowden","1612709913","Birmingham","Squadron","BIR","0","0",NA,NA,NA,NA,NA,"0","0",NA,NA,NA,NA,NA,"0",0
"2052200270","97","4","0","1","9:49 PM","3:30",NA,NA,"Plowden REBOUND (Off:3 Def:0)",NA,NA,"5","1631342","Daeqwon Plowden","1612709913","Birmingham","Squadron","BIR","0","0",NA,NA,NA,NA,NA,"0","0",NA,NA,NA,NA,NA,"0",0
"2052200270","98","2","72","1","9:49 PM","3:28",NA,NA,"MISS Plowden 4' Putback Layup",NA,NA,"5","1631342","Daeqwon Plowden","1612709913","Birmingham","Squadron","BIR","0","0",NA,NA,NA,NA,NA,"0","0",NA,NA,NA,NA,NA,"0",0
"2052200270","99","4","0","1","9:49 PM","3:27",NA,NA,"Plowden REBOUND (Off:4 Def:0)",NA,NA,"5","1631342","Daeqwon Plowden","1612709913","Birmingham","Squadron","BIR","0","0",NA,NA,NA,NA,NA,"0","0",NA,NA,NA,NA,NA,"0",0
"2052200270","129","2","97","1","9:49 PM","3:27",NA,NA,"MISS Plowden 2' Tip Layup Shot",NA,NA,"5","1631342","Daeqwon Plowden","1612709913","Birmingham","Squadron","BIR","0","0",NA,NA,NA,NA,NA,"0","0",NA,NA,NA,NA,NA,"0",0
"2052200270","130","4","0","1","9:49 PM","3:25","Butler REBOUND (Off:0 Def:2)",NA,NA,NA,NA,"4","1630215","Jared Butler","1612709917","Grand Rapids","Gold","GRG","0","0",NA,NA,NA,NA,NA,"0","0",NA,NA,NA,NA,NA,"0",0
"2052200270","100","5","39","1","9:49 PM","3:09","Wills Step Out of Bounds Turnover (P1.T6)",NA,NA,NA,NA,"4","1630706","Bryce Wills","1612709917","Grand Rapids","Gold","GRG","0","0",NA,NA,NA,NA,NA,"1","0",NA,NA,NA,NA,NA,"0",0
"2052200270","101","8","0","1","9:49 PM","3:09","SUB: Duval FOR Butler",NA,NA,NA,NA,"4","1630215","Jared Butler","1612709917","Grand Rapids","Gold","GRG","4","1628979","Trevon Duval","1612709917","Grand Rapids","Gold","GRG","0","0",NA,NA,NA,NA,NA,"0",0
"2052200270","103","1","1","1","9:50 PM","2:53",NA,NA,"Plowden 26' 3PT Jump Shot (3 PTS) (Smart 1 AST)","15 - 21","6","5","1631342","Daeqwon Plowden","1612709913","Birmingham","Squadron","BIR","5","1630606","Javonte Smart","1612709913","Birmingham","Squadron","BIR","0","0",NA,NA,NA,NA,NA,"0",0
"2052200270","105","2","1","1","9:50 PM","2:31","MISS Randle 24' 3PT Jump Shot",NA,NA,NA,NA,"4","1626184","Chasson Randle","1612709917","Grand Rapids","Gold","GRG","0","0",NA,NA,NA,NA,NA,"0","0",NA,NA,NA,NA,NA,"0",0
"2052200270","106","4","0","1","9:50 PM","2:28",NA,NA,"Kelly, Sr. REBOUND (Off:1 Def:1)",NA,NA,"5","1631453","James Kelly, Sr.","1612709913","Birmingham","Squadron","BIR","0","0",NA,NA,NA,NA,NA,"0","0",NA,NA,NA,NA,NA,"0",0
"2052200270","107","1","52","1","9:50 PM","2:22",NA,NA,"Kelly, Sr. 1' Alley Oop Dunk (7 PTS) (Smart 2 AST)","17 - 21","4","5","1631453","James Kelly, Sr.","1612709913","Birmingham","Squadron","BIR","5","1630606","Javonte Smart","1612709913","Birmingham","Squadron","BIR","0","0",NA,NA,NA,NA,NA,"0",0
"2052200270","109","1","6","1","9:51 PM","2:03","Duval 3' Driving Layup (2 PTS) (Randle 2 AST)",NA,NA,"17 - 23","6","4","1628979","Trevon Duval","1612709917","Grand Rapids","Gold","GRG","4","1626184","Chasson Randle","1612709917","Grand Rapids","Gold","GRG","0","0",NA,NA,NA,NA,NA,"0",0
"2052200270","111","6","4","1","9:51 PM","1:56",NA,NA,"Kelly, Sr. OFF.Foul (P2)",NA,NA,"5","1631453","James Kelly, Sr.","1612709913","Birmingham","Squadron","BIR","4","1628979","Trevon Duval","1612709917","Grand Rapids","Gold","GRG","1","0",NA,NA,NA,NA,NA,"0",0
"2052200270","113","5","37","1","9:51 PM","1:56",NA,NA,"Kelly, Sr. Offensive Foul Turnover (P2.T6)",NA,NA,"5","1631453","James Kelly, Sr.","1612709913","Birmingham","Squadron","BIR","0","0",NA,NA,NA,NA,NA,"1","0",NA,NA,NA,NA,NA,"0",0
"2052200270","114","8","0","1","9:51 PM","1:56","SUB: James FOR Golden",NA,NA,NA,NA,"4","1631371","Grant Golden","1612709917","Grand Rapids","Gold","GRG","4","1630732","Lacey James","1612709917","Grand Rapids","Gold","GRG","0","0",NA,NA,NA,NA,NA,"0",0
"2052200270","115","8","0","1","9:51 PM","1:56",NA,NA,"SUB: Cheatham FOR Kelly, Sr.",NA,NA,"5","1631453","James Kelly, Sr.","1612709913","Birmingham","Squadron","BIR","5","1629597","Zylan Cheatham","1612709913","Birmingham","Squadron","BIR","0","0",NA,NA,NA,NA,NA,"0",0
"2052200270","118","2","6","1","9:51 PM","1:39","MISS Duval 6' Driving Layup",NA,NA,NA,NA,"4","1628979","Trevon Duval","1612709917","Grand Rapids","Gold","GRG","0","0",NA,NA,NA,NA,NA,"0","0",NA,NA,NA,NA,NA,"0",0
"2052200270","119","4","0","1","9:51 PM","1:34","GOLD Rebound",NA,NA,NA,NA,"2","1612709917",NA,NA,NA,NA,NA,"0","0",NA,NA,NA,NA,NA,"0","0",NA,NA,NA,NA,NA,"0",0
"2052200270","120","6","3","1","9:51 PM","1:34",NA,NA,"Cheatham L.B.FOUL (P1.T2)",NA,NA,"5","1629597","Zylan Cheatham","1612709913","Birmingham","Squadron","BIR","4","1630732","Lacey James","1612709917","Grand Rapids","Gold","GRG","1","0",NA,NA,NA,NA,NA,"0",0
"2052200270","122","5","4","1","9:52 PM","1:25","James Traveling Turnover (P1.T7)",NA,NA,NA,NA,"4","1630732","Lacey James","1612709917","Grand Rapids","Gold","GRG","0","0",NA,NA,NA,NA,NA,"1","0",NA,NA,NA,NA,NA,"0",0
"2052200270","123","2","1","1","9:52 PM","1:14",NA,NA,"MISS Smart 26' 3PT Jump Shot",NA,NA,"5","1630606","Javonte Smart","1612709913","Birmingham","Squadron","BIR","0","0",NA,NA,NA,NA,NA,"0","0",NA,NA,NA,NA,NA,"0",0
"2052200270","124","4","0","1","9:52 PM","1:14",NA,NA,"Squadron Rebound",NA,NA,"3","1612709913",NA,NA,NA,NA,NA,"0","0",NA,NA,NA,NA,NA,"0","0",NA,NA,NA,NA,NA,"0",0
"2052200270","125","6","3","1","9:52 PM","1:14","Randle L.B.FOUL (P1.T1)",NA,NA,NA,NA,"4","1626184","Chasson Randle","1612709917","Grand Rapids","Gold","GRG","5","1629597","Zylan Cheatham","1612709913","Birmingham","Squadron","BIR","1","0",NA,NA,NA,NA,NA,"0",0
"2052200270","127","1","66","1","9:53 PM","0:59",NA,NA,"Smart 26' 3PT Jump Bank Shot (3 PTS) (Cheatham 1 AST)","20 - 23","3","5","1630606","Javonte Smart","1612709913","Birmingham","Squadron","BIR","5","1629597","Zylan Cheatham","1612709913","Birmingham","Squadron","BIR","0","0",NA,NA,NA,NA,NA,"0",0
"2052200270","131","1","6","1","9:53 PM","0:47","Randle 6' Driving Layup (4 PTS)",NA,NA,"20 - 25","5","4","1626184","Chasson Randle","1612709917","Grand Rapids","Gold","GRG","0","0",NA,NA,NA,NA,NA,"0","0",NA,NA,NA,NA,NA,"0",0
"2052200270","132","1","1","1","9:53 PM","0:39",NA,NA,"Smart 27' 3PT Jump Shot (6 PTS) (Hunt 1 AST)","23 - 25","2","5","1630606","Javonte Smart","1612709913","Birmingham","Squadron","BIR","5","1630624","Feron Hunt","1612709913","Birmingham","Squadron","BIR","0","0",NA,NA,NA,NA,NA,"0",0
"2052200270","134","2","98","1","9:53 PM","0:27","MISS James 3' Cutting Layup Shot",NA,"Seabron BLOCK (1 BLK)",NA,NA,"4","1630732","Lacey James","1612709917","Grand Rapids","Gold","GRG","0","0",NA,NA,NA,NA,NA,"5","1631220","Dereon Seabron","1612709913","Birmingham","Squadron","BIR","0",0
"2052200270","136","4","0","1","9:54 PM","0:22",NA,NA,"Hunt REBOUND (Off:0 Def:2)",NA,NA,"5","1630624","Feron Hunt","1612709913","Birmingham","Squadron","BIR","0","0",NA,NA,NA,NA,NA,"0","0",NA,NA,NA,NA,NA,"0",0
"2052200270","137","2","41","1","9:54 PM","0:20","Wills BLOCK (1 BLK)",NA,"MISS Cheatham 4' Running Layup",NA,NA,"5","1629597","Zylan Cheatham","1612709913","Birmingham","Squadron","BIR","0","0",NA,NA,NA,NA,NA,"4","1630706","Bryce Wills","1612709917","Grand Rapids","Gold","GRG","0",0
"2052200270","139","4","0","1","9:54 PM","0:20",NA,NA,"Squadron Rebound",NA,NA,"3","1612709913",NA,NA,NA,NA,NA,"0","0",NA,NA,NA,NA,NA,"0","0",NA,NA,NA,NA,NA,"0",0
"2052200270","141","2","1","1","9:54 PM","0:12",NA,NA,"MISS Plowden 26' 3PT Jump Shot",NA,NA,"5","1631342","Daeqwon Plowden","1612709913","Birmingham","Squadron","BIR","0","0",NA,NA,NA,NA,NA,"0","0",NA,NA,NA,NA,NA,"0",0
"2052200270","142","4","0","1","9:54 PM","0:10","James REBOUND (Off:0 Def:1)",NA,NA,NA,NA,"4","1630732","Lacey James","1612709917","Grand Rapids","Gold","GRG","0","0",NA,NA,NA,NA,NA,"0","0",NA,NA,NA,NA,NA,"0",0
"2052200270","143","6","2","1","9:54 PM","0:02",NA,NA,"Cheatham S.FOUL (P2.PN)",NA,NA,"5","1629597","Zylan Cheatham","1612709913","Birmingham","Squadron","BIR","4","1628979","Trevon Duval","1612709917","Grand Rapids","Gold","GRG","1","0",NA,NA,NA,NA,NA,"0",0
"2052200270","145","3","31","1","9:55 PM","0:02","Duval Free Throw 2PT (4 PTS)",NA,NA,"23 - 27","4","4","1628979","Trevon Duval","1612709917","Grand Rapids","Gold","GRG","0","0",NA,NA,NA,NA,NA,"0","0",NA,NA,NA,NA,NA,"0",0
"2052200270","146","13","0","1","9:55 PM","0:00",NA,"End of 1st Period (9:55 PM EST)",NA,"23 - 27","4","0","0",NA,NA,NA,NA,NA,"0","0",NA,NA,NA,NA,NA,"0","0",NA,NA,NA,NA,NA,"0",0
"2052200270","151","12","0","2","9:57 PM","12:00",NA,"Start of 2nd Period (9:57 PM EST)",NA,"23 - 27","4","0","0",NA,NA,NA,NA,NA,"0","0",NA,NA,NA,NA,NA,"0","0",NA,NA,NA,NA,NA,"0",0
"2052200270","152","5","1","2","9:58 PM","11:48","Duval STEAL (1 STL)",NA,"Smart Bad Pass Turnover (P1.T7)",NA,NA,"5","1630606","Javonte Smart","1612709913","Birmingham","Squadron","BIR","4","1628979","Trevon Duval","1612709917","Grand Rapids","Gold","GRG","0","0",NA,NA,NA,NA,NA,"0",0
"2052200270","154","5","4","2","9:58 PM","11:35","Randle Traveling Turnover (P1.T8)",NA,NA,NA,NA,"4","1626184","Chasson Randle","1612709917","Grand Rapids","Gold","GRG","0","0",NA,NA,NA,NA,NA,"1","0",NA,NA,NA,NA,NA,"0",0
"2052200270","155","2","6","2","9:58 PM","11:22",NA,NA,"MISS Seabron 5' Driving Layup",NA,NA,"5","1631220","Dereon Seabron","1612709913","Birmingham","Squadron","BIR","0","0",NA,NA,NA,NA,NA,"0","0",NA,NA,NA,NA,NA,"0",0
"2052200270","156","4","0","2","9:58 PM","11:22",NA,NA,"Cheatham REBOUND (Off:2 Def:0)",NA,NA,"5","1629597","Zylan Cheatham","1612709913","Birmingham","Squadron","BIR","0","0",NA,NA,NA,NA,NA,"0","0",NA,NA,NA,NA,NA,"0",0
"2052200270","157","6","2","2","9:58 PM","11:22","Duval S.FOUL (P1.T1)",NA,NA,NA,NA,"4","1628979","Trevon Duval","1612709917","Grand Rapids","Gold","GRG","5","1629597","Zylan Cheatham","1612709913","Birmingham","Squadron","BIR","1","0",NA,NA,NA,NA,NA,"0",0
"2052200270","159","3","31","2","9:59 PM","11:22",NA,NA,"Cheatham Free Throw 2PT (2 PTS)","25 - 27","2","5","1629597","Zylan Cheatham","1612709913","Birmingham","Squadron","BIR","0","0",NA,NA,NA,NA,NA,"0","0",NA,NA,NA,NA,NA,"0",0
"2052200270","160","1","1","2","9:59 PM","11:05","Randle 3PT Jump Shot (7 PTS) (White 1 AST)",NA,NA,"25 - 30","5","4","1626184","Chasson Randle","1612709917","Grand Rapids","Gold","GRG","4","1631298","Jack White","1612709917","Grand Rapids","Gold","GRG","0","0",NA,NA,NA,NA,NA,"0",0
"2052200270","162","9","1","2","9:59 PM","11:03",NA,NA,"Squadron Timeout: Regular (Reg.2 Short 0)",NA,NA,"3","1612709913",NA,NA,NA,NA,NA,"0","0",NA,NA,NA,NA,NA,"0","0",NA,NA,NA,NA,NA,"0",0
"2052200270","163","6","2","2","10:02 PM","10:46","White S.FOUL (P1.T2)",NA,NA,NA,NA,"4","1631298","Jack White","1612709917","Grand Rapids","Gold","GRG","5","1630624","Feron Hunt","1612709913","Birmingham","Squadron","BIR","1","0",NA,NA,NA,NA,NA,"0",0
"2052200270","165","3","31","2","10:02 PM","10:46",NA,NA,"Hunt Free Throw 2PT (2 PTS)","27 - 30","3","5","1630624","Feron Hunt","1612709913","Birmingham","Squadron","BIR","0","0",NA,NA,NA,NA,NA,"0","0",NA,NA,NA,NA,NA,"0",0
"2052200270","166","2","79","2","10:02 PM","10:32","MISS Duval 18' Pullup Jump Shot",NA,NA,NA,NA,"4","1628979","Trevon Duval","1612709917","Grand Rapids","Gold","GRG","0","0",NA,NA,NA,NA,NA,"0","0",NA,NA,NA,NA,NA,"0",0
"2052200270","167","4","0","2","10:02 PM","10:28",NA,NA,"Smart REBOUND (Off:0 Def:1)",NA,NA,"5","1630606","Javonte Smart","1612709913","Birmingham","Squadron","BIR","0","0",NA,NA,NA,NA,NA,"0","0",NA,NA,NA,NA,NA,"0",0
"2052200270","168","2","6","2","10:02 PM","10:18",NA,NA,"MISS Seabron 4' Driving Layup",NA,NA,"5","1631220","Dereon Seabron","1612709913","Birmingham","Squadron","BIR","0","0",NA,NA,NA,NA,NA,"0","0",NA,NA,NA,NA,NA,"0",0
"2052200270","169","4","0","2","10:02 PM","10:17",NA,NA,"Seabron REBOUND (Off:1 Def:1)",NA,NA,"5","1631220","Dereon Seabron","1612709913","Birmingham","Squadron","BIR","0","0",NA,NA,NA,NA,NA,"0","0",NA,NA,NA,NA,NA,"0",0
"2052200270","170","1","97","2","10:03 PM","10:16",NA,NA,"Seabron Tip Layup Shot (4 PTS)","29 - 30","1","5","1631220","Dereon Seabron","1612709913","Birmingham","Squadron","BIR","0","0",NA,NA,NA,NA,NA,"0","0",NA,NA,NA,NA,NA,"0",0
"2052200270","171","1","1","2","10:03 PM","9:56","Grady 27' 3PT Jump Shot (9 PTS) (Randle 3 AST)",NA,NA,"29 - 33","4","4","1631242","Kellan Grady","1612709917","Grand Rapids","Gold","GRG","4","1626184","Chasson Randle","1612709917","Grand Rapids","Gold","GRG","0","0",NA,NA,NA,NA,NA,"0",0
"2052200270","173","2","79","2","10:03 PM","9:46",NA,NA,"MISS Smart 26' 3PT Pullup Jump Shot",NA,NA,"5","1630606","Javonte Smart","1612709913","Birmingham","Squadron","BIR","0","0",NA,NA,NA,NA,NA,"0","0",NA,NA,NA,NA,NA,"0",0
"2052200270","175","4","0","2","10:03 PM","9:44","Randle REBOUND (Off:0 Def:1)",NA,NA,NA,NA,"4","1626184","Chasson Randle","1612709917","Grand Rapids","Gold","GRG","0","0",NA,NA,NA,NA,NA,"0","0",NA,NA,NA,NA,NA,"0",0
"2052200270","176","1","9","2","10:03 PM","9:29","Duval 1' Driving Dunk (6 PTS) (Camper 1 AST)",NA,NA,"29 - 35","6","4","1628979","Trevon Duval","1612709917","Grand Rapids","Gold","GRG","4","1630720","Manny Camper","1612709917","Grand Rapids","Gold","GRG","0","0",NA,NA,NA,NA,NA,"0",0
"2052200270","179","8","0","2","10:04 PM","9:18","SUB: Butler FOR Randle",NA,NA,NA,NA,"4","1626184","Chasson Randle","1612709917","Grand Rapids","Gold","GRG","4","1630215","Jared Butler","1612709917","Grand Rapids","Gold","GRG","0","0",NA,NA,NA,NA,NA,"0",0
"2052200270","180","8","0","2","10:04 PM","9:18",NA,NA,"SUB: Lewis Jr. FOR Plowden",NA,NA,"5","1631342","Daeqwon Plowden","1612709913","Birmingham","Squadron","BIR","5","1630184","Kira Lewis Jr.","1612709913","Birmingham","Squadron","BIR","0","0",NA,NA,NA,NA,NA,"0",0
"2052200270","181","8","0","2","10:04 PM","9:18",NA,NA,"SUB: Petty Jr. FOR Hunt",NA,NA,"5","1630624","Feron Hunt","1612709913","Birmingham","Squadron","BIR","5","1630566","John Petty Jr.","1612709913","Birmingham","Squadron","BIR","0","0",NA,NA,NA,NA,NA,"0",0
"2052200270","185","5","11","2","10:04 PM","9:05",NA,NA,"Squadron Turnover: Shot Clock (T#8)",NA,NA,"3","1612709913",NA,NA,NA,NA,NA,"0","0",NA,NA,NA,NA,NA,"0","0",NA,NA,NA,NA,NA,"0",0
"2052200270","186","2","1","2","10:05 PM","8:48","MISS White 27' 3PT Jump Shot",NA,NA,NA,NA,"4","1631298","Jack White","1612709917","Grand Rapids","Gold","GRG","0","0",NA,NA,NA,NA,NA,"0","0",NA,NA,NA,NA,NA,"0",0
"2052200270","187","4","0","2","10:05 PM","8:47",NA,NA,"Lewis Jr. REBOUND (Off:0 Def:1)",NA,NA,"5","1630184","Kira Lewis Jr.","1612709913","Birmingham","Squadron","BIR","0","0",NA,NA,NA,NA,NA,"0","0",NA,NA,NA,NA,NA,"0",0
"2052200270","188","5","2","2","10:05 PM","8:40","Grady STEAL (1 STL)",NA,"Seabron Lost Ball Turnover (P2.T9)",NA,NA,"5","1631220","Dereon Seabron","1612709913","Birmingham","Squadron","BIR","4","1631242","Kellan Grady","1612709917","Grand Rapids","Gold","GRG","0","0",NA,NA,NA,NA,NA,"0",0
"2052200270","190","5","2","2","10:05 PM","8:36","Camper Lost Ball Turnover (P1.T9)",NA,"Seabron STEAL (1 STL)",NA,NA,"4","1630720","Manny Camper","1612709917","Grand Rapids","Gold","GRG","5","1631220","Dereon Seabron","1612709913","Birmingham","Squadron","BIR","0","0",NA,NA,NA,NA,NA,"0",0
"2052200270","192","2","5","2","10:05 PM","8:35","White BLOCK (1 BLK)",NA,"MISS Seabron 4' Layup",NA,NA,"5","1631220","Dereon Seabron","1612709913","Birmingham","Squadron","BIR","0","0",NA,NA,NA,NA,NA,"4","1631298","Jack White","1612709917","Grand Rapids","Gold","GRG","0",0
"2052200270","194","4","0","2","10:05 PM","8:33","Grady REBOUND (Off:0 Def:2)",NA,NA,NA,NA,"4","1631242","Kellan Grady","1612709917","Grand Rapids","Gold","GRG","0","0",NA,NA,NA,NA,NA,"0","0",NA,NA,NA,NA,NA,"0",0
"2052200270","195","6","1","2","10:05 PM","8:22",NA,NA,"Lewis Jr. P.FOUL (P1.T1)",NA,NA,"5","1630184","Kira Lewis Jr.","1612709913","Birmingham","Squadron","BIR","4","1631298","Jack White","1612709917","Grand Rapids","Gold","GRG","1","0",NA,NA,NA,NA,NA,"0",0
"2052200270","197","1","80","2","10:06 PM","8:10","White 22' Step Back Jump Shot (7 PTS) (Grady 3 AST)",NA,NA,"29 - 37","8","4","1631298","Jack White","1612709917","Grand Rapids","Gold","GRG","4","1631242","Kellan Grady","1612709917","Grand Rapids","Gold","GRG","0","0",NA,NA,NA,NA,NA,"0",0
"2052200270","198","5","19","2","10:06 PM","7:49",NA,NA,"Cheatham Kicked Ball Violation Turnover (P2.T10)",NA,NA,"5","1629597","Zylan Cheatham","1612709913","Birmingham","Squadron","BIR","0","0",NA,NA,NA,NA,NA,"0","0",NA,NA,NA,NA,NA,"0",0
"2052200270","199","8","0","2","10:07 PM","7:49",NA,NA,"SUB: Martin FOR Seabron",NA,NA,"5","1631220","Dereon Seabron","1612709913","Birmingham","Squadron","BIR","5","1629103","Kelan Martin","1612709913","Birmingham","Squadron","BIR","0","0",NA,NA,NA,NA,NA,"0",0
"2052200270","202","1","1","2","10:10 PM","7:28","Butler 27' 3PT Jump Shot (5 PTS) (Grady 4 AST)",NA,NA,"29 - 40","11","4","1630215","Jared Butler","1612709917","Grand Rapids","Gold","GRG","4","1631242","Kellan Grady","1612709917","Grand Rapids","Gold","GRG","0","0",NA,NA,NA,NA,NA,"0",0
"2052200270","204","2","101","2","10:10 PM","7:11",NA,NA,"MISS Lewis Jr. 9' Driving Floating Jump Shot",NA,NA,"5","1630184","Kira Lewis Jr.","1612709913","Birmingham","Squadron","BIR","0","0",NA,NA,NA,NA,NA,"0","0",NA,NA,NA,NA,NA,"0",0
"2052200270","205","4","0","2","10:10 PM","7:09","White REBOUND (Off:0 Def:3)",NA,NA,NA,NA,"4","1631298","Jack White","1612709917","Grand Rapids","Gold","GRG","0","0",NA,NA,NA,NA,NA,"0","0",NA,NA,NA,NA,NA,"0",0
"2052200270","206","2","1","2","10:11 PM","6:58","MISS Camper 24' 3PT Jump Shot",NA,NA,NA,NA,"4","1630720","Manny Camper","1612709917","Grand Rapids","Gold","GRG","0","0",NA,NA,NA,NA,NA,"0","0",NA,NA,NA,NA,NA,"0",0
"2052200270","207","4","0","2","10:11 PM","6:55","White REBOUND (Off:1 Def:3)",NA,NA,NA,NA,"4","1631298","Jack White","1612709917","Grand Rapids","Gold","GRG","0","0",NA,NA,NA,NA,NA,"0","0",NA,NA,NA,NA,NA,"0",0
"2052200270","208","2","97","2","10:11 PM","6:54","MISS White Tip Layup Shot",NA,NA,NA,NA,"4","1631298","Jack White","1612709917","Grand Rapids","Gold","GRG","0","0",NA,NA,NA,NA,NA,"0","0",NA,NA,NA,NA,NA,"0",0
"2052200270","209","4","0","2","10:11 PM","6:52","Camper REBOUND (Off:1 Def:0)",NA,NA,NA,NA,"4","1630720","Manny Camper","1612709917","Grand Rapids","Gold","GRG","0","0",NA,NA,NA,NA,NA,"0","0",NA,NA,NA,NA,NA,"0",0
"2052200270","210","2","1","2","10:11 PM","6:50","MISS Butler 26' 3PT Jump Shot",NA,NA,NA,NA,"4","1630215","Jared Butler","1612709917","Grand Rapids","Gold","GRG","0","0",NA,NA,NA,NA,NA,"0","0",NA,NA,NA,NA,NA,"0",0
"2052200270","211","4","0","2","10:11 PM","6:48",NA,NA,"Cheatham REBOUND (Off:2 Def:1)",NA,NA,"5","1629597","Zylan Cheatham","1612709913","Birmingham","Squadron","BIR","0","0",NA,NA,NA,NA,NA,"0","0",NA,NA,NA,NA,NA,"0",0
"2052200270","212","7","5","2","10:11 PM","6:38","Camper Violation:Kicked Ball",NA,NA,NA,NA,"4","1630720","Manny Camper","1612709917","Grand Rapids","Gold","GRG","0","0",NA,NA,NA,NA,NA,"1","0",NA,NA,NA,NA,NA,"0",0
"2052200270","213","8","0","2","10:11 PM","6:38","SUB: Arms FOR Duval",NA,NA,NA,NA,"4","1628979","Trevon Duval","1612709917","Grand Rapids","Gold","GRG","4","1631317","Adonis Arms","1612709917","Grand Rapids","Gold","GRG","0","0",NA,NA,NA,NA,NA,"0",0
"2052200270","214","8","0","2","10:11 PM","6:38",NA,NA,"SUB: Hunt FOR Cheatham",NA,NA,"5","1629597","Zylan Cheatham","1612709913","Birmingham","Squadron","BIR","5","1630624","Feron Hunt","1612709913","Birmingham","Squadron","BIR","0","0",NA,NA,NA,NA,NA,"0",0
"2052200270","217","1","6","2","10:11 PM","6:32",NA,NA,"Smart 3' Driving Layup (8 PTS)","31 - 40","9","5","1630606","Javonte Smart","1612709913","Birmingham","Squadron","BIR","0","0",NA,NA,NA,NA,NA,"0","0",NA,NA,NA,NA,NA,"0",0
"2052200270","218","2","80","2","10:12 PM","6:10","MISS Grady 25' 3PT Step Back Jump Shot",NA,NA,NA,NA,"4","1631242","Kellan Grady","1612709917","Grand Rapids","Gold","GRG","0","0",NA,NA,NA,NA,NA,"0","0",NA,NA,NA,NA,NA,"0",0
"2052200270","219","4","0","2","10:12 PM","6:07",NA,NA,"Lewis Jr. REBOUND (Off:0 Def:2)",NA,NA,"5","1630184","Kira Lewis Jr.","1612709913","Birmingham","Squadron","BIR","0","0",NA,NA,NA,NA,NA,"0","0",NA,NA,NA,NA,NA,"0",0
"2052200270","220","5","1","2","10:12 PM","6:01","White STEAL (2 STL)",NA,"Lewis Jr. Bad Pass Turnover (P2.T11)",NA,NA,"5","1630184","Kira Lewis Jr.","1612709913","Birmingham","Squadron","BIR","4","1631298","Jack White","1612709917","Grand Rapids","Gold","GRG","0","0",NA,NA,NA,NA,NA,"0",0
"2052200270","223","1","41","2","10:12 PM","5:56","Butler 2' Running Layup (7 PTS) (Grady 5 AST)",NA,NA,"31 - 42","11","4","1630215","Jared Butler","1612709917","Grand Rapids","Gold","GRG","4","1631242","Kellan Grady","1612709917","Grand Rapids","Gold","GRG","0","0",NA,NA,NA,NA,NA,"0",0
"2052200270","225","1","79","2","10:12 PM","5:43",NA,NA,"Martin 26' 3PT Pullup Jump Shot (6 PTS) (Smart 3 AST)","34 - 42","8","5","1629103","Kelan Martin","1612709913","Birmingham","Squadron","BIR","5","1630606","Javonte Smart","1612709913","Birmingham","Squadron","BIR","0","0",NA,NA,NA,NA,NA,"0",0
"2052200270","227","1","101","2","10:13 PM","5:19","Butler 8' Driving Floating Jump Shot (9 PTS) (Camper 2 AST)",NA,NA,"34 - 44","10","4","1630215","Jared Butler","1612709917","Grand Rapids","Gold","GRG","4","1630720","Manny Camper","1612709917","Grand Rapids","Gold","GRG","0","0",NA,NA,NA,NA,NA,"0",0
"2052200270","229","6","1","2","10:13 PM","5:01","Arms P.FOUL (P1.T3)",NA,NA,NA,NA,"4","1631317","Adonis Arms","1612709917","Grand Rapids","Gold","GRG","5","1630606","Javonte Smart","1612709913","Birmingham","Squadron","BIR","1","0",NA,NA,NA,NA,NA,"0",0
"2052200270","231","8","0","2","10:13 PM","5:01","SUB: Golden FOR White",NA,NA,NA,NA,"4","1631298","Jack White","1612709917","Grand Rapids","Gold","GRG","4","1631371","Grant Golden","1612709917","Grand Rapids","Gold","GRG","0","0",NA,NA,NA,NA,NA,"0",0
"2052200270","233","2","6","2","10:13 PM","4:51",NA,NA,"MISS Smart 4' Driving Layup",NA,NA,"5","1630606","Javonte Smart","1612709913","Birmingham","Squadron","BIR","0","0",NA,NA,NA,NA,NA,"0","0",NA,NA,NA,NA,NA,"0",0
"2052200270","234","4","0","2","10:13 PM","4:48","Arms REBOUND (Off:0 Def:2)",NA,NA,NA,NA,"4","1631317","Adonis Arms","1612709917","Grand Rapids","Gold","GRG","0","0",NA,NA,NA,NA,NA,"0","0",NA,NA,NA,NA,NA,"0",0
"2052200270","235","2","75","2","10:14 PM","4:40","MISS Camper 3' Driving Finger Roll Layup",NA,NA,NA,NA,"4","1630720","Manny Camper","1612709917","Grand Rapids","Gold","GRG","0","0",NA,NA,NA,NA,NA,"0","0",NA,NA,NA,NA,NA,"0",0
"2052200270","236","4","0","2","10:14 PM","4:39","Camper REBOUND (Off:2 Def:0)",NA,NA,NA,NA,"4","1630720","Manny Camper","1612709917","Grand Rapids","Gold","GRG","0","0",NA,NA,NA,NA,NA,"0","0",NA,NA,NA,NA,NA,"0",0
"2052200270","237","6","2","2","10:14 PM","4:39",NA,NA,"Hunt S.FOUL (P1.T2)",NA,NA,"5","1630624","Feron Hunt","1612709913","Birmingham","Squadron","BIR","4","1630720","Manny Camper","1612709917","Grand Rapids","Gold","GRG","1","0",NA,NA,NA,NA,NA,"0",0
"2052200270","239","8","0","2","10:14 PM","4:39",NA,NA,"SUB: Kelly, Sr. FOR Smart",NA,NA,"5","1630606","Javonte Smart","1612709913","Birmingham","Squadron","BIR","5","1631453","James Kelly, Sr.","1612709913","Birmingham","Squadron","BIR","0","0",NA,NA,NA,NA,NA,"0",0
"2052200270","241","3","31","2","10:14 PM","4:39","Camper Free Throw 2PT (2 PTS)",NA,NA,"34 - 46","12","4","1630720","Manny Camper","1612709917","Grand Rapids","Gold","GRG","0","0",NA,NA,NA,NA,NA,"0","0",NA,NA,NA,NA,NA,"0",0
"2052200270","242","6","2","2","10:15 PM","4:20","Camper S.FOUL (P1.T4)",NA,NA,NA,NA,"4","1630720","Manny Camper","1612709917","Grand Rapids","Gold","GRG","5","1629103","Kelan Martin","1612709913","Birmingham","Squadron","BIR","1","0",NA,NA,NA,NA,NA,"0",0
"2052200270","244","3","31","2","10:15 PM","4:20",NA,NA,"Martin Free Throw 2PT (8 PTS)","36 - 46","10","5","1629103","Kelan Martin","1612709913","Birmingham","Squadron","BIR","0","0",NA,NA,NA,NA,NA,"0","0",NA,NA,NA,NA,NA,"0",0
"2052200270","245","5","1","2","10:15 PM","4:03","Butler Bad Pass Turnover (P3.T10)",NA,"Lewis Jr. STEAL (1 STL)",NA,NA,"4","1630215","Jared Butler","1612709917","Grand Rapids","Gold","GRG","5","1630184","Kira Lewis Jr.","1612709913","Birmingham","Squadron","BIR","0","0",NA,NA,NA,NA,NA,"0",0
"2052200270","247","1","41","2","10:15 PM","3:59",NA,NA,"Hunt 3' Running Layup (4 PTS) (Lewis Jr. 1 AST)","38 - 46","8","5","1630624","Feron Hunt","1612709913","Birmingham","Squadron","BIR","5","1630184","Kira Lewis Jr.","1612709913","Birmingham","Squadron","BIR","0","0",NA,NA,NA,NA,NA,"0",0
"2052200270","249","1","79","2","10:16 PM","3:37","Arms 26' 3PT Pullup Jump Shot (5 PTS) (Golden 3 AST)",NA,NA,"38 - 49","11","4","1631317","Adonis Arms","1612709917","Grand Rapids","Gold","GRG","4","1631371","Grant Golden","1612709917","Grand Rapids","Gold","GRG","0","0",NA,NA,NA,NA,NA,"0",0
"2052200270","251","5","4","2","10:16 PM","3:25",NA,NA,"Petty Jr. Traveling Turnover (P1.T12)",NA,NA,"5","1630566","John Petty Jr.","1612709913","Birmingham","Squadron","BIR","0","0",NA,NA,NA,NA,NA,"0","0",NA,NA,NA,NA,NA,"0",0
"2052200270","252","8","0","2","10:16 PM","3:25",NA,NA,"SUB: Seabron FOR Lewis Jr.",NA,NA,"5","1630184","Kira Lewis Jr.","1612709913","Birmingham","Squadron","BIR","5","1631220","Dereon Seabron","1612709913","Birmingham","Squadron","BIR","0","0",NA,NA,NA,NA,NA,"0",0
"2052200270","254","2","79","2","10:17 PM","3:11","MISS Butler 26' 3PT Pullup Jump Shot",NA,NA,NA,NA,"4","1630215","Jared Butler","1612709917","Grand Rapids","Gold","GRG","0","0",NA,NA,NA,NA,NA,"0","0",NA,NA,NA,NA,NA,"0",0
"2052200270","255","4","0","2","10:17 PM","3:09",NA,NA,"Martin REBOUND (Off:0 Def:2)",NA,NA,"5","1629103","Kelan Martin","1612709913","Birmingham","Squadron","BIR","0","0",NA,NA,NA,NA,NA,"0","0",NA,NA,NA,NA,NA,"0",0
"2052200270","256","6","1","2","10:17 PM","2:57","Camper P.FOUL (P2.PN)",NA,NA,NA,NA,"4","1630720","Manny Camper","1612709917","Grand Rapids","Gold","GRG","5","1630624","Feron Hunt","1612709913","Birmingham","Squadron","BIR","1","0",NA,NA,NA,NA,NA,"0",0
"2052200270","258","9","1","2","10:17 PM","2:57","GOLD Timeout: Regular (Full 2 Short 0)",NA,NA,NA,NA,"2","1612709917",NA,NA,NA,NA,NA,"0","0",NA,NA,NA,NA,NA,"0","0",NA,NA,NA,NA,NA,"0",0
"2052200270","259","3","31","2","10:20 PM","2:57",NA,NA,"Hunt Free Throw 2PT (6 PTS)","40 - 49","9","5","1630624","Feron Hunt","1612709913","Birmingham","Squadron","BIR","0","0",NA,NA,NA,NA,NA,"0","0",NA,NA,NA,NA,NA,"0",0
"2052200270","261","6","2","2","10:20 PM","2:43",NA,NA,"Seabron S.FOUL (P1.T3)",NA,NA,"5","1631220","Dereon Seabron","1612709913","Birmingham","Squadron","BIR","4","1630720","Manny Camper","1612709917","Grand Rapids","Gold","GRG","1","0",NA,NA,NA,NA,NA,"0",0
"2052200270","263","8","0","2","10:20 PM","2:43","SUB: Randle FOR Arms",NA,NA,NA,NA,"4","1631317","Adonis Arms","1612709917","Grand Rapids","Gold","GRG","4","1626184","Chasson Randle","1612709917","Grand Rapids","Gold","GRG","0","0",NA,NA,NA,NA,NA,"0",0
"2052200270","265","3","31","2","10:21 PM","2:43","Camper Free Throw 2PT (4 PTS)",NA,NA,"40 - 51","11","4","1630720","Manny Camper","1612709917","Grand Rapids","Gold","GRG","0","0",NA,NA,NA,NA,NA,"0","0",NA,NA,NA,NA,NA,"0",0
"2052200270","266","6","2","2","10:21 PM","2:29","Butler S.FOUL (P1.PN)",NA,NA,NA,NA,"4","1630215","Jared Butler","1612709917","Grand Rapids","Gold","GRG","5","1631220","Dereon Seabron","1612709913","Birmingham","Squadron","BIR","1","0",NA,NA,NA,NA,NA,"0",0
"2052200270","268","8","0","2","10:21 PM","2:29","SUB: White FOR Camper",NA,NA,NA,NA,"4","1630720","Manny Camper","1612709917","Grand Rapids","Gold","GRG","4","1631298","Jack White","1612709917","Grand Rapids","Gold","GRG","0","0",NA,NA,NA,NA,NA,"0",0
"2052200270","270","3","31","2","10:21 PM","2:29",NA,NA,"Seabron Free Throw 2PT (6 PTS)","42 - 51","9","5","1631220","Dereon Seabron","1612709913","Birmingham","Squadron","BIR","0","0",NA,NA,NA,NA,NA,"0","0",NA,NA,NA,NA,NA,"0",0
"2052200270","271","1","108","2","10:22 PM","2:15","White 1' Cutting Dunk Shot (9 PTS) (Golden 4 AST)",NA,NA,"42 - 53","11","4","1631298","Jack White","1612709917","Grand Rapids","Gold","GRG","4","1631371","Grant Golden","1612709917","Grand Rapids","Gold","GRG","0","0",NA,NA,NA,NA,NA,"0",0
"2052200270","273","2","101","2","10:22 PM","1:57",NA,NA,"MISS Martin 4' Driving Floating Jump Shot",NA,NA,"5","1629103","Kelan Martin","1612709913","Birmingham","Squadron","BIR","0","0",NA,NA,NA,NA,NA,"0","0",NA,NA,NA,NA,NA,"0",0
"2052200270","274","4","0","2","10:22 PM","1:55","White REBOUND (Off:1 Def:4)",NA,NA,NA,NA,"4","1631298","Jack White","1612709917","Grand Rapids","Gold","GRG","0","0",NA,NA,NA,NA,NA,"0","0",NA,NA,NA,NA,NA,"0",0
"2052200270","275","2","80","2","10:22 PM","1:49","MISS Grady 26' 3PT Step Back Jump Shot",NA,NA,NA,NA,"4","1631242","Kellan Grady","1612709917","Grand Rapids","Gold","GRG","0","0",NA,NA,NA,NA,NA,"0","0",NA,NA,NA,NA,NA,"0",0
"2052200270","276","4","0","2","10:22 PM","1:47",NA,NA,"Martin REBOUND (Off:0 Def:3)",NA,NA,"5","1629103","Kelan Martin","1612709913","Birmingham","Squadron","BIR","0","0",NA,NA,NA,NA,NA,"0","0",NA,NA,NA,NA,NA,"0",0
"2052200270","277","1","103","2","10:22 PM","1:44",NA,NA,"Martin 25' 3PT Running Pull-Up Jump Shot (11 PTS)","45 - 53","8","5","1629103","Kelan Martin","1612709913","Birmingham","Squadron","BIR","0","0",NA,NA,NA,NA,NA,"0","0",NA,NA,NA,NA,NA,"0",0
"2052200270","278","5","1","2","10:23 PM","1:22","Butler Bad Pass Turnover (P4.T11)",NA,"Kelly, Sr. STEAL (2 STL)",NA,NA,"4","1630215","Jared Butler","1612709917","Grand Rapids","Gold","GRG","5","1631453","James Kelly, Sr.","1612709913","Birmingham","Squadron","BIR","0","0",NA,NA,NA,NA,NA,"0",0
"2052200270","280","1","41","2","10:23 PM","1:17",NA,NA,"Seabron 4' Running Layup (8 PTS) (Kelly, Sr. 2 AST)","47 - 53","6","5","1631220","Dereon Seabron","1612709913","Birmingham","Squadron","BIR","5","1631453","James Kelly, Sr.","1612709913","Birmingham","Squadron","BIR","0","0",NA,NA,NA,NA,NA,"0",0
"2052200270","282","6","1","2","10:23 PM","1:07",NA,NA,"Hunt P.FOUL (P2.T4)",NA,NA,"5","1630624","Feron Hunt","1612709913","Birmingham","Squadron","BIR","4","1630215","Jared Butler","1612709917","Grand Rapids","Gold","GRG","1","0",NA,NA,NA,NA,NA,"0",0
"2052200270","285","1","98","2","10:24 PM","0:51","Grady 4' Cutting Layup Shot (11 PTS) (Golden 5 AST)",NA,NA,"47 - 55","8","4","1631242","Kellan Grady","1612709917","Grand Rapids","Gold","GRG","4","1631371","Grant Golden","1612709917","Grand Rapids","Gold","GRG","0","0",NA,NA,NA,NA,NA,"0",0
"2052200270","287","5","2","2","10:24 PM","0:41","White STEAL (3 STL)",NA,"Seabron Lost Ball Turnover (P3.T13)",NA,NA,"5","1631220","Dereon Seabron","1612709913","Birmingham","Squadron","BIR","4","1631298","Jack White","1612709917","Grand Rapids","Gold","GRG","0","0",NA,NA,NA,NA,NA,"0",0
"2052200270","289","1","1","2","10:24 PM","0:19","Grady 3PT Jump Shot (14 PTS) (Golden 6 AST)",NA,NA,"47 - 58","11","4","1631242","Kellan Grady","1612709917","Grand Rapids","Gold","GRG","4","1631371","Grant Golden","1612709917","Grand Rapids","Gold","GRG","0","0",NA,NA,NA,NA,NA,"0",0
"2052200270","291","2","80","2","10:25 PM","0:02",NA,NA,"MISS Martin 26' 3PT Step Back Jump Shot",NA,NA,"5","1629103","Kelan Martin","1612709913","Birmingham","Squadron","BIR","0","0",NA,NA,NA,NA,NA,"0","0",NA,NA,NA,NA,NA,"0",0
"2052200270","292","4","0","2","10:25 PM","0:01",NA,NA,"Squadron Rebound",NA,NA,"3","1612709913",NA,NA,NA,NA,NA,"0","0",NA,NA,NA,NA,NA,"0","0",NA,NA,NA,NA,NA,"0",0
"2052200270","293","13","0","2","10:25 PM","0:00",NA,"End of 2nd Period (10:25 PM EST)",NA,"47 - 58","11","0","0",NA,NA,NA,NA,NA,"0","0",NA,NA,NA,NA,NA,"0","0",NA,NA,NA,NA,NA,"0",0
"2052200270","298","12","0","3","10:40 PM","12:00",NA,"Start of 3rd Period (10:40 PM EST)",NA,"47 - 58","11","0","0",NA,NA,NA,NA,NA,"0","0",NA,NA,NA,NA,NA,"0","0",NA,NA,NA,NA,NA,"0",0
"2052200270","299","2","6","3","10:40 PM","11:45",NA,NA,"MISS Cheatham 3' Driving Layup",NA,NA,"5","1629597","Zylan Cheatham","1612709913","Birmingham","Squadron","BIR","0","0",NA,NA,NA,NA,NA,"0","0",NA,NA,NA,NA,NA,"0",0
"2052200270","300","4","0","3","10:41 PM","11:35","Golden REBOUND (Off:0 Def:2)",NA,NA,NA,NA,"4","1631371","Grant Golden","1612709917","Grand Rapids","Gold","GRG","0","0",NA,NA,NA,NA,NA,"0","0",NA,NA,NA,NA,NA,"0",0
"2052200270","303","5","4","3","10:41 PM","11:30","Butler Traveling Turnover (P5.T12)",NA,NA,NA,NA,"4","1630215","Jared Butler","1612709917","Grand Rapids","Gold","GRG","0","0",NA,NA,NA,NA,NA,"1","0",NA,NA,NA,NA,NA,"0",0
"2052200270","305","1","1","3","10:41 PM","11:07",NA,NA,"Cheatham 22' Jump Shot (4 PTS) (Seabron 1 AST)","49 - 58","9","5","1629597","Zylan Cheatham","1612709913","Birmingham","Squadron","BIR","5","1631220","Dereon Seabron","1612709913","Birmingham","Squadron","BIR","0","0",NA,NA,NA,NA,NA,"0",0
"2052200270","308","2","79","3","10:42 PM","10:39","MISS Grady 26' 3PT Pullup Jump Shot",NA,NA,NA,NA,"4","1631242","Kellan Grady","1612709917","Grand Rapids","Gold","GRG","0","0",NA,NA,NA,NA,NA,"0","0",NA,NA,NA,NA,NA,"0",0
"2052200270","309","4","0","3","10:42 PM","10:36",NA,NA,"Lewis Jr. REBOUND (Off:0 Def:3)",NA,NA,"5","1630184","Kira Lewis Jr.","1612709913","Birmingham","Squadron","BIR","0","0",NA,NA,NA,NA,NA,"0","0",NA,NA,NA,NA,NA,"0",0
"2052200270","310","2","1","3","10:42 PM","10:30",NA,NA,"MISS Petty Jr. 25' 3PT Jump Shot",NA,NA,"5","1630566","John Petty Jr.","1612709913","Birmingham","Squadron","BIR","0","0",NA,NA,NA,NA,NA,"0","0",NA,NA,NA,NA,NA,"0",0
"2052200270","311","4","0","3","10:42 PM","10:26","Golden REBOUND (Off:0 Def:3)",NA,NA,NA,NA,"4","1631371","Grant Golden","1612709917","Grand Rapids","Gold","GRG","0","0",NA,NA,NA,NA,NA,"0","0",NA,NA,NA,NA,NA,"0",0
"2052200270","312","1","98","3","10:43 PM","10:16","Butler 4' Cutting Layup Shot (11 PTS) (Golden 7 AST)",NA,NA,"49 - 60","11","4","1630215","Jared Butler","1612709917","Grand Rapids","Gold","GRG","4","1631371","Grant Golden","1612709917","Grand Rapids","Gold","GRG","0","0",NA,NA,NA,NA,NA,"0",0
"2052200270","314","2","1","3","10:43 PM","10:02",NA,NA,"MISS Martin 26' 3PT Jump Shot",NA,NA,"5","1629103","Kelan Martin","1612709913","Birmingham","Squadron","BIR","0","0",NA,NA,NA,NA,NA,"0","0",NA,NA,NA,NA,NA,"0",0
"2052200270","315","4","0","3","10:43 PM","9:58","Arms REBOUND (Off:0 Def:3)",NA,NA,NA,NA,"4","1631317","Adonis Arms","1612709917","Grand Rapids","Gold","GRG","0","0",NA,NA,NA,NA,NA,"0","0",NA,NA,NA,NA,NA,"0",0
"2052200270","316","1","1","3","10:43 PM","9:54","Butler 26' 3PT Jump Shot (14 PTS) (Arms 1 AST)",NA,NA,"49 - 63","14","4","1630215","Jared Butler","1612709917","Grand Rapids","Gold","GRG","4","1631317","Adonis Arms","1612709917","Grand Rapids","Gold","GRG","0","0",NA,NA,NA,NA,NA,"0",0
"2052200270","318","9","1","3","10:43 PM","9:48",NA,NA,"Squadron Timeout: Regular (Reg.3 Short 0)",NA,NA,"3","1612709913",NA,NA,NA,NA,NA,"0","0",NA,NA,NA,NA,NA,"0","0",NA,NA,NA,NA,NA,"0",0
"2052200270","319","1","6","3","10:46 PM","9:31",NA,NA,"Lewis Jr. 2' Driving Layup (4 PTS) (Seabron 2 AST)","51 - 63","12","5","1630184","Kira Lewis Jr.","1612709913","Birmingham","Squadron","BIR","5","1631220","Dereon Seabron","1612709913","Birmingham","Squadron","BIR","0","0",NA,NA,NA,NA,NA,"0",0
"2052200270","321","5","45","3","10:46 PM","9:11","Grady Out of Bounds - Bad Pass Turnover Turnover (P1.T13)",NA,NA,NA,NA,"4","1631242","Kellan Grady","1612709917","Grand Rapids","Gold","GRG","0","0",NA,NA,NA,NA,NA,"1","0",NA,NA,NA,NA,NA,"0",0
"2052200270","322","2","101","3","10:47 PM","8:49",NA,NA,"MISS Lewis Jr. 5' Driving Floating Jump Shot",NA,NA,"5","1630184","Kira Lewis Jr.","1612709913","Birmingham","Squadron","BIR","0","0",NA,NA,NA,NA,NA,"0","0",NA,NA,NA,NA,NA,"0",0
"2052200270","323","4","0","3","10:47 PM","8:46","Golden REBOUND (Off:0 Def:4)",NA,NA,NA,NA,"4","1631371","Grant Golden","1612709917","Grand Rapids","Gold","GRG","0","0",NA,NA,NA,NA,NA,"0","0",NA,NA,NA,NA,NA,"0",0
"2052200270","324","2","1","3","10:47 PM","8:35","MISS Arms 3PT Jump Shot",NA,NA,NA,NA,"4","1631317","Adonis Arms","1612709917","Grand Rapids","Gold","GRG","0","0",NA,NA,NA,NA,NA,"0","0",NA,NA,NA,NA,NA,"0",0
"2052200270","325","4","0","3","10:47 PM","8:34",NA,NA,"Squadron Rebound",NA,NA,"3","1612709913",NA,NA,NA,NA,NA,"0","0",NA,NA,NA,NA,NA,"0","0",NA,NA,NA,NA,NA,"0",0
"2052200270","327","2","1","3","10:47 PM","8:24",NA,NA,"MISS Cheatham 26' 3PT Jump Shot",NA,NA,"5","1629597","Zylan Cheatham","1612709913","Birmingham","Squadron","BIR","0","0",NA,NA,NA,NA,NA,"0","0",NA,NA,NA,NA,NA,"0",0
"2052200270","328","4","0","3","10:47 PM","8:20","Arms REBOUND (Off:0 Def:4)",NA,NA,NA,NA,"4","1631317","Adonis Arms","1612709917","Grand Rapids","Gold","GRG","0","0",NA,NA,NA,NA,NA,"0","0",NA,NA,NA,NA,NA,"0",0
"2052200270","329","1","101","3","10:47 PM","8:17","Arms 8' Driving Floating Jump Shot (7 PTS)",NA,NA,"51 - 65","14","4","1631317","Adonis Arms","1612709917","Grand Rapids","Gold","GRG","0","0",NA,NA,NA,NA,NA,"0","0",NA,NA,NA,NA,NA,"0",0
"2052200270","330","6","2","3","10:48 PM","8:17",NA,NA,"Petty Jr. S.FOUL (P1.T1)",NA,NA,"5","1630566","John Petty Jr.","1612709913","Birmingham","Squadron","BIR","4","1631317","Adonis Arms","1612709917","Grand Rapids","Gold","GRG","1","0",NA,NA,NA,NA,NA,"0",0
"2052200270","332","8","0","3","10:48 PM","8:17",NA,NA,"SUB: Plowden FOR Seabron",NA,NA,"5","1631220","Dereon Seabron","1612709913","Birmingham","Squadron","BIR","5","1631342","Daeqwon Plowden","1612709913","Birmingham","Squadron","BIR","0","0",NA,NA,NA,NA,NA,"0",0
"2052200270","334","3","30","3","10:48 PM","8:17","Arms Free Throw 1PT (8 PTS)",NA,NA,"51 - 66","15","4","1631317","Adonis Arms","1612709917","Grand Rapids","Gold","GRG","0","0",NA,NA,NA,NA,NA,"0","0",NA,NA,NA,NA,NA,"0",0
"2052200270","335","2","73","3","10:48 PM","7:56",NA,NA,"MISS Lewis Jr. 3' Driving Reverse Layup",NA,NA,"5","1630184","Kira Lewis Jr.","1612709913","Birmingham","Squadron","BIR","0","0",NA,NA,NA,NA,NA,"0","0",NA,NA,NA,NA,NA,"0",0
"2052200270","336","4","0","3","10:48 PM","7:52","Butler REBOUND (Off:0 Def:3)",NA,NA,NA,NA,"4","1630215","Jared Butler","1612709917","Grand Rapids","Gold","GRG","0","0",NA,NA,NA,NA,NA,"0","0",NA,NA,NA,NA,NA,"0",0
"2052200270","337","2","1","3","10:49 PM","7:46","MISS Arms 26' 3PT Jump Shot",NA,NA,NA,NA,"4","1631317","Adonis Arms","1612709917","Grand Rapids","Gold","GRG","0","0",NA,NA,NA,NA,NA,"0","0",NA,NA,NA,NA,NA,"0",0
"2052200270","338","4","0","3","10:49 PM","7:43",NA,NA,"Martin REBOUND (Off:0 Def:4)",NA,NA,"5","1629103","Kelan Martin","1612709913","Birmingham","Squadron","BIR","0","0",NA,NA,NA,NA,NA,"0","0",NA,NA,NA,NA,NA,"0",0
"2052200270","339","5","1","3","10:49 PM","7:37","Arms STEAL (1 STL)",NA,"Cheatham Bad Pass Turnover (P3.T14)",NA,NA,"5","1629597","Zylan Cheatham","1612709913","Birmingham","Squadron","BIR","4","1631317","Adonis Arms","1612709917","Grand Rapids","Gold","GRG","0","0",NA,NA,NA,NA,NA,"0",0
"2052200270","341","1","41","3","10:49 PM","7:33","Golden 3' Running Layup (6 PTS) (Arms 2 AST)",NA,NA,"51 - 68","17","4","1631371","Grant Golden","1612709917","Grand Rapids","Gold","GRG","4","1631317","Adonis Arms","1612709917","Grand Rapids","Gold","GRG","0","0",NA,NA,NA,NA,NA,"0",0
"2052200270","343","2","79","3","10:49 PM","7:13",NA,NA,"MISS Martin 26' 3PT Pullup Jump Shot",NA,NA,"5","1629103","Kelan Martin","1612709913","Birmingham","Squadron","BIR","0","0",NA,NA,NA,NA,NA,"0","0",NA,NA,NA,NA,NA,"0",0
"2052200270","344","4","0","3","10:49 PM","7:11","Arms REBOUND (Off:0 Def:5)",NA,NA,NA,NA,"4","1631317","Adonis Arms","1612709917","Grand Rapids","Gold","GRG","0","0",NA,NA,NA,NA,NA,"0","0",NA,NA,NA,NA,NA,"0",0
"2052200270","345","2","6","3","10:49 PM","7:07","MISS Arms 5' Driving Layup",NA,"Petty Jr. BLOCK (1 BLK)",NA,NA,"4","1631317","Adonis Arms","1612709917","Grand Rapids","Gold","GRG","0","0",NA,NA,NA,NA,NA,"5","1630566","John Petty Jr.","1612709913","Birmingham","Squadron","BIR","0",0
"2052200270","350","4","0","3","10:49 PM","7:06","GOLD Rebound",NA,NA,NA,NA,"2","1612709917",NA,NA,NA,NA,NA,"0","0",NA,NA,NA,NA,NA,"0","0",NA,NA,NA,NA,NA,"0",0
"2052200270","347","10","0","3","10:50 PM","7:05","Jump Ball Arms vs. Petty Jr.: Tip to Butler",NA,NA,NA,NA,"4","1631317","Adonis Arms","1612709917","Grand Rapids","Gold","GRG","5","1630566","John Petty Jr.","1612709913","Birmingham","Squadron","BIR","4","1630215","Jared Butler","1612709917","Grand Rapids","Gold","GRG","0",0
"2052200270","356","8","0","3","10:50 PM","7:05","SUB: Camper FOR White",NA,NA,NA,NA,"4","1631298","Jack White","1612709917","Grand Rapids","Gold","GRG","4","1630720","Manny Camper","1612709917","Grand Rapids","Gold","GRG","0","0",NA,NA,NA,NA,NA,"0",0
"2052200270","357","8","0","3","10:50 PM","7:05",NA,NA,"SUB: Kelly, Sr. FOR Cheatham",NA,NA,"5","1629597","Zylan Cheatham","1612709913","Birmingham","Squadron","BIR","5","1631453","James Kelly, Sr.","1612709913","Birmingham","Squadron","BIR","0","0",NA,NA,NA,NA,NA,"0",0
"2052200270","354","8","0","3","10:50 PM","7:05",NA,NA,"SUB: Hunt FOR Petty Jr.",NA,NA,"5","1630566","John Petty Jr.","1612709913","Birmingham","Squadron","BIR","5","1630624","Feron Hunt","1612709913","Birmingham","Squadron","BIR","0","0",NA,NA,NA,NA,NA,"0",0
"2052200270","351","2","1","3","10:50 PM","7:01","MISS Grady 26' 3PT Jump Shot",NA,NA,NA,NA,"4","1631242","Kellan Grady","1612709917","Grand Rapids","Gold","GRG","0","0",NA,NA,NA,NA,NA,"0","0",NA,NA,NA,NA,NA,"0",0
"2052200270","352","4","0","3","10:50 PM","6:59",NA,NA,"Martin REBOUND (Off:0 Def:5)",NA,NA,"5","1629103","Kelan Martin","1612709913","Birmingham","Squadron","BIR","0","0",NA,NA,NA,NA,NA,"0","0",NA,NA,NA,NA,NA,"0",0
"2052200270","360","1","6","3","10:51 PM","6:36",NA,NA,"Lewis Jr. 2' Driving Layup (6 PTS)","53 - 68","15","5","1630184","Kira Lewis Jr.","1612709913","Birmingham","Squadron","BIR","0","0",NA,NA,NA,NA,NA,"0","0",NA,NA,NA,NA,NA,"0",0
"2052200270","361","1","98","3","10:51 PM","6:25","Grady 4' Cutting Layup Shot (16 PTS) (Golden 8 AST)",NA,NA,"53 - 70","17","4","1631242","Kellan Grady","1612709917","Grand Rapids","Gold","GRG","4","1631371","Grant Golden","1612709917","Grand Rapids","Gold","GRG","0","0",NA,NA,NA,NA,NA,"0",0
"2052200270","363","2","80","3","10:51 PM","6:07",NA,NA,"MISS Lewis Jr. 25' 3PT Step Back Jump Shot",NA,NA,"5","1630184","Kira Lewis Jr.","1612709913","Birmingham","Squadron","BIR","0","0",NA,NA,NA,NA,NA,"0","0",NA,NA,NA,NA,NA,"0",0
"2052200270","364","4","0","3","10:52 PM","6:04","Grady REBOUND (Off:0 Def:3)",NA,NA,NA,NA,"4","1631242","Kellan Grady","1612709917","Grand Rapids","Gold","GRG","0","0",NA,NA,NA,NA,NA,"0","0",NA,NA,NA,NA,NA,"0",0
"2052200270","365","1","98","3","10:52 PM","5:52","Grady 3' Cutting Layup Shot (18 PTS) (Arms 3 AST)",NA,NA,"53 - 72","19","4","1631242","Kellan Grady","1612709917","Grand Rapids","Gold","GRG","4","1631317","Adonis Arms","1612709917","Grand Rapids","Gold","GRG","0","0",NA,NA,NA,NA,NA,"0",0
"2052200270","366","6","2","3","10:52 PM","5:38","Butler S.FOUL (P2.T1)",NA,NA,NA,NA,"4","1630215","Jared Butler","1612709917","Grand Rapids","Gold","GRG","5","1629103","Kelan Martin","1612709913","Birmingham","Squadron","BIR","1","0",NA,NA,NA,NA,NA,"0",0
"2052200270","368","8","0","3","10:52 PM","5:38","SUB: Randle FOR Butler",NA,NA,NA,NA,"4","1630215","Jared Butler","1612709917","Grand Rapids","Gold","GRG","4","1626184","Chasson Randle","1612709917","Grand Rapids","Gold","GRG","0","0",NA,NA,NA,NA,NA,"0",0
"2052200270","369","8","0","3","10:52 PM","5:38","SUB: James FOR Arms",NA,NA,NA,NA,"4","1631317","Adonis Arms","1612709917","Grand Rapids","Gold","GRG","4","1630732","Lacey James","1612709917","Grand Rapids","Gold","GRG","0","0",NA,NA,NA,NA,NA,"0",0
"2052200270","370","8","0","3","10:52 PM","5:38",NA,NA,"SUB: Smart FOR Lewis Jr.",NA,NA,"5","1630184","Kira Lewis Jr.","1612709913","Birmingham","Squadron","BIR","5","1630606","Javonte Smart","1612709913","Birmingham","Squadron","BIR","0","0",NA,NA,NA,NA,NA,"0",0
"2052200270","374","3","31","3","10:53 PM","5:38",NA,NA,"Martin Free Throw 2PT (13 PTS)","55 - 72","17","5","1629103","Kelan Martin","1612709913","Birmingham","Squadron","BIR","0","0",NA,NA,NA,NA,NA,"0","0",NA,NA,NA,NA,NA,"0",0
"2052200270","376","2","47","3","10:53 PM","5:19","MISS Randle 10' Turnaround Jump Shot",NA,NA,NA,NA,"4","1626184","Chasson Randle","1612709917","Grand Rapids","Gold","GRG","0","0",NA,NA,NA,NA,NA,"0","0",NA,NA,NA,NA,NA,"0",0
"2052200270","377","4","0","3","10:53 PM","5:17",NA,NA,"Martin REBOUND (Off:0 Def:6)",NA,NA,"5","1629103","Kelan Martin","1612709913","Birmingham","Squadron","BIR","0","0",NA,NA,NA,NA,NA,"0","0",NA,NA,NA,NA,NA,"0",0
"2052200270","378","2","1","3","10:53 PM","5:00",NA,NA,"MISS Plowden 26' 3PT Jump Shot",NA,NA,"5","1631342","Daeqwon Plowden","1612709913","Birmingham","Squadron","BIR","0","0",NA,NA,NA,NA,NA,"0","0",NA,NA,NA,NA,NA,"0",0
"2052200270","379","4","0","3","10:53 PM","4:58",NA,NA,"Squadron Rebound",NA,NA,"3","1612709913",NA,NA,NA,NA,NA,"0","0",NA,NA,NA,NA,NA,"0","0",NA,NA,NA,NA,NA,"0",0
"2052200270","380","6","3","3","10:53 PM","4:58","Camper L.B.FOUL (P3.T2)",NA,NA,NA,NA,"4","1630720","Manny Camper","1612709917","Grand Rapids","Gold","GRG","5","1631453","James Kelly, Sr.","1612709913","Birmingham","Squadron","BIR","1","0",NA,NA,NA,NA,NA,"0",0
"2052200270","382","1","6","3","10:54 PM","4:46",NA,NA,"Plowden 6' Driving Layup (5 PTS) (Martin 3 AST)","57 - 72","15","5","1631342","Daeqwon Plowden","1612709913","Birmingham","Squadron","BIR","5","1629103","Kelan Martin","1612709913","Birmingham","Squadron","BIR","0","0",NA,NA,NA,NA,NA,"0",0
"2052200270","385","5","45","3","10:54 PM","4:24","Arms Out of Bounds - Bad Pass Turnover Turnover (P1.T14)",NA,NA,NA,NA,"4","1631317","Adonis Arms","1612709917","Grand Rapids","Gold","GRG","0","0",NA,NA,NA,NA,NA,"1","0",NA,NA,NA,NA,NA,"0",0
"2052200270","392","8","0","3","10:55 PM","4:24","SUB: Wills FOR Golden",NA,NA,NA,NA,"4","1631371","Grant Golden","1612709917","Grand Rapids","Gold","GRG","4","1630706","Bryce Wills","1612709917","Grand Rapids","Gold","GRG","0","0",NA,NA,NA,NA,NA,"0",0
"2052200270","386","2","1","3","10:55 PM","4:14",NA,NA,"MISS Kelly, Sr. 27' 3PT Jump Shot",NA,NA,"5","1631453","James Kelly, Sr.","1612709913","Birmingham","Squadron","BIR","0","0",NA,NA,NA,NA,NA,"0","0",NA,NA,NA,NA,NA,"0",0
"2052200270","388","1","97","3","10:55 PM","4:09",NA,NA,"Plowden Tip Layup Shot (7 PTS)","59 - 72","13","5","1631342","Daeqwon Plowden","1612709913","Birmingham","Squadron","BIR","0","0",NA,NA,NA,NA,NA,"0","0",NA,NA,NA,NA,NA,"0",0
"2052200270","387","4","0","3","10:55 PM","4:09",NA,NA,"Plowden REBOUND (Off:5 Def:0)",NA,NA,"5","1631342","Daeqwon Plowden","1612709913","Birmingham","Squadron","BIR","0","0",NA,NA,NA,NA,NA,"0","0",NA,NA,NA,NA,NA,"0",0
"2052200270","389","5","4","3","10:55 PM","3:53","James Traveling Turnover (P2.T15)",NA,NA,NA,NA,"4","1630732","Lacey James","1612709917","Grand Rapids","Gold","GRG","0","0",NA,NA,NA,NA,NA,"1","0",NA,NA,NA,NA,NA,"0",0
"2052200270","390","8","0","3","10:55 PM","3:53",NA,NA,"SUB: Seabron FOR Martin",NA,NA,"5","1629103","Kelan Martin","1612709913","Birmingham","Squadron","BIR","5","1631220","Dereon Seabron","1612709913","Birmingham","Squadron","BIR","0","0",NA,NA,NA,NA,NA,"0",0
"2052200270","394","2","6","3","10:56 PM","3:43","James BLOCK (1 BLK)",NA,"MISS Smart 5' Driving Layup",NA,NA,"5","1630606","Javonte Smart","1612709913","Birmingham","Squadron","BIR","0","0",NA,NA,NA,NA,NA,"4","1630732","Lacey James","1612709917","Grand Rapids","Gold","GRG","0",0
"2052200270","396","4","0","3","10:56 PM","3:43",NA,NA,"Squadron Rebound",NA,NA,"3","1612709913",NA,NA,NA,NA,NA,"0","0",NA,NA,NA,NA,NA,"0","0",NA,NA,NA,NA,NA,"0",0
"2052200270","397","2","1","3","10:56 PM","3:36",NA,NA,"MISS Plowden 25' 3PT Jump Shot",NA,NA,"5","1631342","Daeqwon Plowden","1612709913","Birmingham","Squadron","BIR","0","0",NA,NA,NA,NA,NA,"0","0",NA,NA,NA,NA,NA,"0",0
"2052200270","398","4","0","3","10:56 PM","3:32","Randle REBOUND (Off:0 Def:2)",NA,NA,NA,NA,"4","1626184","Chasson Randle","1612709917","Grand Rapids","Gold","GRG","0","0",NA,NA,NA,NA,NA,"0","0",NA,NA,NA,NA,NA,"0",0
"2052200270","399","1","1","3","10:56 PM","3:19","Randle 27' 3PT Jump Shot (10 PTS) (Grady 6 AST)",NA,NA,"59 - 75","16","4","1626184","Chasson Randle","1612709917","Grand Rapids","Gold","GRG","4","1631242","Kellan Grady","1612709917","Grand Rapids","Gold","GRG","0","0",NA,NA,NA,NA,NA,"0",0
"2052200270","401","1","52","3","10:56 PM","3:07",NA,NA,"Kelly, Sr. 1' Alley Oop Dunk (9 PTS) (Seabron 3 AST)","61 - 75","14","5","1631453","James Kelly, Sr.","1612709913","Birmingham","Squadron","BIR","5","1631220","Dereon Seabron","1612709913","Birmingham","Squadron","BIR","0","0",NA,NA,NA,NA,NA,"0",0
"2052200270","403","2","1","3","10:57 PM","2:56","MISS Camper 24' 3PT Jump Shot",NA,NA,NA,NA,"4","1630720","Manny Camper","1612709917","Grand Rapids","Gold","GRG","0","0",NA,NA,NA,NA,NA,"0","0",NA,NA,NA,NA,NA,"0",0
"2052200270","404","4","0","3","10:57 PM","2:54","GOLD Rebound",NA,NA,NA,NA,"2","1612709917",NA,NA,NA,NA,NA,"0","0",NA,NA,NA,NA,NA,"0","0",NA,NA,NA,NA,NA,"0",0
"2052200270","407","8","0","3","10:59 PM","2:54","SUB: Wills FOR Golden",NA,NA,NA,NA,"4","1631371","Grant Golden","1612709917","Grand Rapids","Gold","GRG","4","1630706","Bryce Wills","1612709917","Grand Rapids","Gold","GRG","0","0",NA,NA,NA,NA,NA,"0",0
"2052200270","409","1","1","3","10:59 PM","2:49","Randle 27' 3PT Jump Shot (13 PTS) (Grady 7 AST)",NA,NA,"61 - 78","17","4","1626184","Chasson Randle","1612709917","Grand Rapids","Gold","GRG","4","1631242","Kellan Grady","1612709917","Grand Rapids","Gold","GRG","0","0",NA,NA,NA,NA,NA,"0",0
"2052200270","411","1","52","3","10:59 PM","2:33",NA,NA,"Hunt Alley Oop Dunk (8 PTS) (Kelly, Sr. 3 AST)","63 - 78","15","5","1630624","Feron Hunt","1612709913","Birmingham","Squadron","BIR","5","1631453","James Kelly, Sr.","1612709913","Birmingham","Squadron","BIR","0","0",NA,NA,NA,NA,NA,"0",0
"2052200270","413","2","79","3","10:59 PM","2:21","MISS Randle 26' 3PT Pullup Jump Shot",NA,NA,NA,NA,"4","1626184","Chasson Randle","1612709917","Grand Rapids","Gold","GRG","0","0",NA,NA,NA,NA,NA,"0","0",NA,NA,NA,NA,NA,"0",0
"2052200270","414","4","0","3","11:00 PM","2:17","James REBOUND (Off:1 Def:1)",NA,NA,NA,NA,"4","1630732","Lacey James","1612709917","Grand Rapids","Gold","GRG","0","0",NA,NA,NA,NA,NA,"0","0",NA,NA,NA,NA,NA,"0",0
"2052200270","415","2","5","3","11:00 PM","2:16","MISS James 5' Layup",NA,"Plowden BLOCK (1 BLK)",NA,NA,"4","1630732","Lacey James","1612709917","Grand Rapids","Gold","GRG","0","0",NA,NA,NA,NA,NA,"5","1631342","Daeqwon Plowden","1612709913","Birmingham","Squadron","BIR","0",0
"2052200270","417","4","0","3","11:00 PM","2:11","Grady REBOUND (Off:1 Def:3)",NA,NA,NA,NA,"4","1631242","Kellan Grady","1612709917","Grand Rapids","Gold","GRG","0","0",NA,NA,NA,NA,NA,"0","0",NA,NA,NA,NA,NA,"0",0
"2052200270","418","5","1","3","11:00 PM","2:09","Grady Bad Pass Turnover (P2.T16)",NA,"Seabron STEAL (2 STL)",NA,NA,"4","1631242","Kellan Grady","1612709917","Grand Rapids","Gold","GRG","5","1631220","Dereon Seabron","1612709913","Birmingham","Squadron","BIR","0","0",NA,NA,NA,NA,NA,"0",0
"2052200270","420","1","6","3","11:00 PM","2:05",NA,NA,"Seabron 2' Driving Layup (10 PTS)","65 - 78","13","5","1631220","Dereon Seabron","1612709913","Birmingham","Squadron","BIR","0","0",NA,NA,NA,NA,NA,"0","0",NA,NA,NA,NA,NA,"0",0
"2052200270","421","2","1","3","11:00 PM","1:41","MISS Grady 25' 3PT Jump Shot",NA,NA,NA,NA,"4","1631242","Kellan Grady","1612709917","Grand Rapids","Gold","GRG","0","0",NA,NA,NA,NA,NA,"0","0",NA,NA,NA,NA,NA,"0",0
"2052200270","422","4","0","3","11:00 PM","1:40","GOLD Rebound",NA,NA,NA,NA,"2","1612709917",NA,NA,NA,NA,NA,"0","0",NA,NA,NA,NA,NA,"0","0",NA,NA,NA,NA,NA,"0",0
"2052200270","423","5","11","3","11:00 PM","1:40","GOLD Turnover: Shot Clock (T#17)",NA,NA,NA,NA,"2","1612709917",NA,NA,NA,NA,NA,"0","0",NA,NA,NA,NA,NA,"0","0",NA,NA,NA,NA,NA,"0",0
"2052200270","436","8","0","3","11:00 PM","1:40","SUB: Duval FOR James",NA,NA,NA,NA,"4","1630732","Lacey James","1612709917","Grand Rapids","Gold","GRG","4","1628979","Trevon Duval","1612709917","Grand Rapids","Gold","GRG","0","0",NA,NA,NA,NA,NA,"0",0
"2052200270","437","8","0","3","11:00 PM","1:40","SUB: Butler FOR Grady",NA,NA,NA,NA,"4","1631242","Kellan Grady","1612709917","Grand Rapids","Gold","GRG","4","1630215","Jared Butler","1612709917","Grand Rapids","Gold","GRG","0","0",NA,NA,NA,NA,NA,"0",0
"2052200270","438","8","0","3","11:00 PM","1:40","SUB: White FOR Wills",NA,NA,NA,NA,"4","1630706","Bryce Wills","1612709917","Grand Rapids","Gold","GRG","4","1631298","Jack White","1612709917","Grand Rapids","Gold","GRG","0","0",NA,NA,NA,NA,NA,"0",0
"2052200270","424","2","78","3","11:01 PM","1:28",NA,NA,"MISS Plowden 16' Floating Jump Shot",NA,NA,"5","1631342","Daeqwon Plowden","1612709913","Birmingham","Squadron","BIR","0","0",NA,NA,NA,NA,NA,"0","0",NA,NA,NA,NA,NA,"0",0
"2052200270","425","4","0","3","11:01 PM","1:22","White REBOUND (Off:1 Def:5)",NA,NA,NA,NA,"4","1631298","Jack White","1612709917","Grand Rapids","Gold","GRG","0","0",NA,NA,NA,NA,NA,"0","0",NA,NA,NA,NA,NA,"0",0
"2052200270","426","1","6","3","11:01 PM","1:22","Camper 3' Driving Layup (6 PTS)",NA,NA,"65 - 80","15","4","1630720","Manny Camper","1612709917","Grand Rapids","Gold","GRG","0","0",NA,NA,NA,NA,NA,"0","0",NA,NA,NA,NA,NA,"0",0
"2052200270","427","6","2","3","11:01 PM","1:22",NA,NA,"Smart S.FOUL (P1.T2)",NA,NA,"5","1630606","Javonte Smart","1612709913","Birmingham","Squadron","BIR","4","1630720","Manny Camper","1612709917","Grand Rapids","Gold","GRG","1","0",NA,NA,NA,NA,NA,"0",0
"2052200270","429","3","30","3","11:02 PM","1:22","Camper Free Throw 1PT (7 PTS)",NA,NA,"65 - 81","16","4","1630720","Manny Camper","1612709917","Grand Rapids","Gold","GRG","0","0",NA,NA,NA,NA,NA,"0","0",NA,NA,NA,NA,NA,"0",0
"2052200270","430","1","6","3","11:02 PM","1:07",NA,NA,"Smart 4' Driving Layup (10 PTS)","67 - 81","14","5","1630606","Javonte Smart","1612709913","Birmingham","Squadron","BIR","0","0",NA,NA,NA,NA,NA,"0","0",NA,NA,NA,NA,NA,"0",0
"2052200270","431","2","3","3","11:02 PM","0:56","MISS White 5' Hook Shot",NA,NA,NA,NA,"4","1631298","Jack White","1612709917","Grand Rapids","Gold","GRG","0","0",NA,NA,NA,NA,NA,"0","0",NA,NA,NA,NA,NA,"0",0
"2052200270","432","4","0","3","11:02 PM","0:53",NA,NA,"Plowden REBOUND (Off:5 Def:1)",NA,NA,"5","1631342","Daeqwon Plowden","1612709913","Birmingham","Squadron","BIR","0","0",NA,NA,NA,NA,NA,"0","0",NA,NA,NA,NA,NA,"0",0
"2052200270","433","1","6","3","11:02 PM","0:44",NA,NA,"Plowden 4' Driving Layup (9 PTS) (Smart 4 AST)","69 - 81","12","5","1631342","Daeqwon Plowden","1612709913","Birmingham","Squadron","BIR","5","1630606","Javonte Smart","1612709913","Birmingham","Squadron","BIR","0","0",NA,NA,NA,NA,NA,"0",0
"2052200270","435","9","1","3","11:02 PM","0:38","GOLD Timeout: Regular (Full 3 Short 0)",NA,NA,NA,NA,"2","1612709917",NA,NA,NA,NA,NA,"0","0",NA,NA,NA,NA,NA,"0","0",NA,NA,NA,NA,NA,"0",0
"2052200270","442","1","80","3","11:03 PM","0:31","Butler 26' 3PT Step Back Jump Shot (17 PTS)",NA,NA,"69 - 84","15","4","1630215","Jared Butler","1612709917","Grand Rapids","Gold","GRG","0","0",NA,NA,NA,NA,NA,"0","0",NA,NA,NA,NA,NA,"0",0
"2052200270","443","1","6","3","11:04 PM","0:19",NA,NA,"Seabron 4' Driving Layup (12 PTS)","71 - 84","13","5","1631220","Dereon Seabron","1612709913","Birmingham","Squadron","BIR","0","0",NA,NA,NA,NA,NA,"0","0",NA,NA,NA,NA,NA,"0",0
"2052200270","444","2","6","3","11:04 PM","0:01","MISS Butler 2' Driving Layup",NA,"Kelly, Sr. BLOCK (1 BLK)",NA,NA,"4","1630215","Jared Butler","1612709917","Grand Rapids","Gold","GRG","0","0",NA,NA,NA,NA,NA,"5","1631453","James Kelly, Sr.","1612709913","Birmingham","Squadron","BIR","0",0
"2052200270","446","4","0","3","11:04 PM","0:01","Camper REBOUND (Off:3 Def:0)",NA,NA,NA,NA,"4","1630720","Manny Camper","1612709917","Grand Rapids","Gold","GRG","0","0",NA,NA,NA,NA,NA,"0","0",NA,NA,NA,NA,NA,"0",0
"2052200270","447","13","0","3","11:04 PM","0:00",NA,"End of 3rd Period (11:04 PM EST)",NA,"71 - 84","13","0","0",NA,NA,NA,NA,NA,"0","0",NA,NA,NA,NA,NA,"0","0",NA,NA,NA,NA,NA,"0",0
"2052200270","448","12","0","4","11:07 PM","0:00",NA,"Start of 4th Period (11:07 PM EST)",NA,"71 - 84","13","0","0",NA,NA,NA,NA,NA,"0","0",NA,NA,NA,NA,NA,"0","0",NA,NA,NA,NA,NA,"0",0
"2052200270","449","2","6","4","11:07 PM","0:00","MISS White 3' Driving Layup",NA,NA,NA,NA,"4","1631298","Jack White","1612709917","Grand Rapids","Gold","GRG","0","0",NA,NA,NA,NA,NA,"0","0",NA,NA,NA,NA,NA,"0",0
"2052200270","450","4","0","4","11:07 PM","0:00",NA,NA,"Smart REBOUND (Off:0 Def:2)",NA,NA,"5","1630606","Javonte Smart","1612709913","Birmingham","Squadron","BIR","0","0",NA,NA,NA,NA,NA,"0","0",NA,NA,NA,NA,NA,"0",0
"2052200270","451","1","1","4","11:07 PM","0:00",NA,NA,"Kelly, Sr. 6' Jump Shot (11 PTS)","73 - 84","11","5","1631453","James Kelly, Sr.","1612709913","Birmingham","Squadron","BIR","0","0",NA,NA,NA,NA,NA,"0","0",NA,NA,NA,NA,NA,"0",0
"2052200270","452","6","2","4","11:08 PM","0:00","Randle S.FOUL (P2.T1)",NA,NA,NA,NA,"4","1626184","Chasson Randle","1612709917","Grand Rapids","Gold","GRG","5","1631453","James Kelly, Sr.","1612709913","Birmingham","Squadron","BIR","1","0",NA,NA,NA,NA,NA,"0",0
"2052200270","454","3","30","4","11:08 PM","0:00",NA,NA,"Kelly, Sr. Free Throw 1PT (12 PTS)","74 - 84","10","5","1631453","James Kelly, Sr.","1612709913","Birmingham","Squadron","BIR","0","0",NA,NA,NA,NA,NA,"0","0",NA,NA,NA,NA,NA,"0",0
"2052200270","455","6","2","4","11:08 PM","0:00",NA,NA,"Plowden S.FOUL (P2.T1)",NA,NA,"5","1631342","Daeqwon Plowden","1612709913","Birmingham","Squadron","BIR","4","1626184","Chasson Randle","1612709917","Grand Rapids","Gold","GRG","1","0",NA,NA,NA,NA,NA,"0",0
"2052200270","457","8","0","4","11:09 PM","0:00",NA,NA,"SUB: Cheatham FOR Kelly, Sr.",NA,NA,"5","1631453","James Kelly, Sr.","1612709913","Birmingham","Squadron","BIR","5","1629597","Zylan Cheatham","1612709913","Birmingham","Squadron","BIR","0","0",NA,NA,NA,NA,NA,"0",0
"2052200270","459","3","31","4","11:09 PM","0:00","Randle Free Throw 2PT (15 PTS)",NA,NA,"74 - 86","12","4","1626184","Chasson Randle","1612709917","Grand Rapids","Gold","GRG","0","0",NA,NA,NA,NA,NA,"0","0",NA,NA,NA,NA,NA,"0",0
"2052200270","460","1","5","4","11:09 PM","0:00",NA,NA,"Seabron 2' Layup (14 PTS)","76 - 86","10","5","1631220","Dereon Seabron","1612709913","Birmingham","Squadron","BIR","0","0",NA,NA,NA,NA,NA,"0","0",NA,NA,NA,NA,NA,"0",0
"2052200270","461","1","1","4","11:09 PM","0:00","Butler 16' Jump Shot (19 PTS)",NA,NA,"76 - 88","12","4","1630215","Jared Butler","1612709917","Grand Rapids","Gold","GRG","0","0",NA,NA,NA,NA,NA,"0","0",NA,NA,NA,NA,NA,"0",0
"2052200270","462","5","4","4","11:10 PM","0:00",NA,NA,"Hunt Traveling Turnover (P1.T15)",NA,NA,"5","1630624","Feron Hunt","1612709913","Birmingham","Squadron","BIR","0","0",NA,NA,NA,NA,NA,"1","0",NA,NA,NA,NA,NA,"0",0
"2052200270","463","8","0","4","11:10 PM","0:00",NA,NA,"SUB: Lewis Jr. FOR Plowden",NA,NA,"5","1631342","Daeqwon Plowden","1612709913","Birmingham","Squadron","BIR","5","1630184","Kira Lewis Jr.","1612709913","Birmingham","Squadron","BIR","0","0",NA,NA,NA,NA,NA,"0",0
"2052200270","465","5","4","4","11:10 PM","0:00","White Traveling Turnover (P3.T18)",NA,NA,NA,NA,"4","1631298","Jack White","1612709917","Grand Rapids","Gold","GRG","0","0",NA,NA,NA,NA,NA,"1","0",NA,NA,NA,NA,NA,"0",0
"2052200270","466","8","0","4","11:10 PM","0:00","SUB: Arms FOR Duval",NA,NA,NA,NA,"4","1628979","Trevon Duval","1612709917","Grand Rapids","Gold","GRG","4","1631317","Adonis Arms","1612709917","Grand Rapids","Gold","GRG","0","0",NA,NA,NA,NA,NA,"0",0
"2052200270","468","1","1","4","11:10 PM","0:00",NA,NA,"Lewis Jr. 24' 3PT Jump Shot (9 PTS) (Smart 5 AST)","79 - 88","9","5","1630184","Kira Lewis Jr.","1612709913","Birmingham","Squadron","BIR","5","1630606","Javonte Smart","1612709913","Birmingham","Squadron","BIR","0","0",NA,NA,NA,NA,NA,"0",0
"2052200270","470","1","1","4","11:11 PM","0:00","Butler 26' 3PT Jump Shot (22 PTS) (Camper 3 AST)",NA,NA,"79 - 91","12","4","1630215","Jared Butler","1612709917","Grand Rapids","Gold","GRG","4","1630720","Manny Camper","1612709917","Grand Rapids","Gold","GRG","0","0",NA,NA,NA,NA,NA,"0",0
"2052200270","472","2","1","4","11:11 PM","0:00",NA,NA,"MISS Smart 9' Jump Shot",NA,NA,"5","1630606","Javonte Smart","1612709913","Birmingham","Squadron","BIR","0","0",NA,NA,NA,NA,NA,"0","0",NA,NA,NA,NA,NA,"0",0
"2052200270","473","4","0","4","11:11 PM","0:00","Arms REBOUND (Off:0 Def:6)",NA,NA,NA,NA,"4","1631317","Adonis Arms","1612709917","Grand Rapids","Gold","GRG","0","0",NA,NA,NA,NA,NA,"0","0",NA,NA,NA,NA,NA,"0",0
"2052200270","474","1","41","4","11:11 PM","0:00","Arms 1' Running Layup (10 PTS)",NA,NA,"79 - 93","14","4","1631317","Adonis Arms","1612709917","Grand Rapids","Gold","GRG","0","0",NA,NA,NA,NA,NA,"0","0",NA,NA,NA,NA,NA,"0",0
"2052200270","475","1","6","4","11:11 PM","0:00",NA,NA,"Lewis Jr. 4' Driving Layup (11 PTS)","81 - 93","12","5","1630184","Kira Lewis Jr.","1612709913","Birmingham","Squadron","BIR","0","0",NA,NA,NA,NA,NA,"0","0",NA,NA,NA,NA,NA,"0",0
"2052200270","476","2","1","4","11:12 PM","0:00","MISS Butler 26' 3PT Jump Shot",NA,NA,NA,NA,"4","1630215","Jared Butler","1612709917","Grand Rapids","Gold","GRG","0","0",NA,NA,NA,NA,NA,"0","0",NA,NA,NA,NA,NA,"0",0
"2052200270","477","4","0","4","11:12 PM","0:00",NA,NA,"Cheatham REBOUND (Off:2 Def:2)",NA,NA,"5","1629597","Zylan Cheatham","1612709913","Birmingham","Squadron","BIR","0","0",NA,NA,NA,NA,NA,"0","0",NA,NA,NA,NA,NA,"0",0
"2052200270","478","1","1","4","11:12 PM","0:00",NA,NA,"Lewis Jr. 25' 3PT Jump Shot (14 PTS) (Cheatham 2 AST)","84 - 93","9","5","1630184","Kira Lewis Jr.","1612709913","Birmingham","Squadron","BIR","5","1629597","Zylan Cheatham","1612709913","Birmingham","Squadron","BIR","0","0",NA,NA,NA,NA,NA,"0",0
"2052200270","480","2","1","4","11:12 PM","0:00","MISS Randle 26' 3PT Jump Shot",NA,"Cheatham BLOCK (1 BLK)",NA,NA,"4","1626184","Chasson Randle","1612709917","Grand Rapids","Gold","GRG","0","0",NA,NA,NA,NA,NA,"5","1629597","Zylan Cheatham","1612709913","Birmingham","Squadron","BIR","0",0
"2052200270","481","4","0","4","11:12 PM","0:00","White REBOUND (Off:2 Def:5)",NA,NA,NA,NA,"4","1631298","Jack White","1612709917","Grand Rapids","Gold","GRG","0","0",NA,NA,NA,NA,NA,"0","0",NA,NA,NA,NA,NA,"0",0
"2052200270","482","2","1","4","11:12 PM","0:00","MISS Arms 28' 3PT Jump Shot",NA,NA,NA,NA,"4","1631317","Adonis Arms","1612709917","Grand Rapids","Gold","GRG","0","0",NA,NA,NA,NA,NA,"0","0",NA,NA,NA,NA,NA,"0",0
"2052200270","483","4","0","4","11:12 PM","0:00",NA,NA,"Seabron REBOUND (Off:1 Def:2)",NA,NA,"5","1631220","Dereon Seabron","1612709913","Birmingham","Squadron","BIR","0","0",NA,NA,NA,NA,NA,"0","0",NA,NA,NA,NA,NA,"0",0
"2052200270","484","1","52","4","11:12 PM","0:00",NA,NA,"Hunt 3' Alley Oop Dunk (10 PTS) (Seabron 4 AST)","86 - 93","7","5","1630624","Feron Hunt","1612709913","Birmingham","Squadron","BIR","5","1631220","Dereon Seabron","1612709913","Birmingham","Squadron","BIR","0","0",NA,NA,NA,NA,NA,"0",0
"2052200270","486","9","1","4","11:13 PM","0:00","GOLD Timeout: Regular (Full 4 Short 0)",NA,NA,NA,NA,"2","1612709917",NA,NA,NA,NA,NA,"0","0",NA,NA,NA,NA,NA,"0","0",NA,NA,NA,NA,NA,"0",0
"2052200270","487","8","0","4","11:14 PM","0:00","SUB: Grady FOR White",NA,NA,NA,NA,"4","1631298","Jack White","1612709917","Grand Rapids","Gold","GRG","4","1631242","Kellan Grady","1612709917","Grand Rapids","Gold","GRG","0","0",NA,NA,NA,NA,NA,"0",0
"2052200270","488","8","0","4","11:14 PM","0:00","SUB: Golden FOR Butler",NA,NA,NA,NA,"4","1630215","Jared Butler","1612709917","Grand Rapids","Gold","GRG","4","1631371","Grant Golden","1612709917","Grand Rapids","Gold","GRG","0","0",NA,NA,NA,NA,NA,"0",0
"2052200270","491","6","2","4","11:15 PM","0:00",NA,NA,"Hunt S.FOUL (P3.T2)",NA,NA,"5","1630624","Feron Hunt","1612709913","Birmingham","Squadron","BIR","4","1626184","Chasson Randle","1612709917","Grand Rapids","Gold","GRG","1","0",NA,NA,NA,NA,NA,"0",0
"2052200270","493","3","31","4","11:15 PM","0:00","Randle Free Throw 2PT (17 PTS)",NA,NA,"86 - 95","9","4","1626184","Chasson Randle","1612709917","Grand Rapids","Gold","GRG","0","0",NA,NA,NA,NA,NA,"0","0",NA,NA,NA,NA,NA,"0",0
"2052200270","494","2","6","4","11:16 PM","0:00",NA,NA,"MISS Smart 7' Driving Layup",NA,NA,"5","1630606","Javonte Smart","1612709913","Birmingham","Squadron","BIR","0","0",NA,NA,NA,NA,NA,"0","0",NA,NA,NA,NA,NA,"0",0
"2052200270","495","4","0","4","11:16 PM","0:00",NA,NA,"Hunt REBOUND (Off:1 Def:2)",NA,NA,"5","1630624","Feron Hunt","1612709913","Birmingham","Squadron","BIR","0","0",NA,NA,NA,NA,NA,"0","0",NA,NA,NA,NA,NA,"0",0
"2052200270","496","1","107","4","11:16 PM","0:00",NA,NA,"Hunt Tip Dunk Shot (12 PTS)","88 - 95","7","5","1630624","Feron Hunt","1612709913","Birmingham","Squadron","BIR","0","0",NA,NA,NA,NA,NA,"0","0",NA,NA,NA,NA,NA,"0",0
"2052200270","497","5","1","4","11:16 PM","0:00","Randle Bad Pass Turnover (P2.T19)",NA,"Cheatham STEAL (2 STL)",NA,NA,"4","1626184","Chasson Randle","1612709917","Grand Rapids","Gold","GRG","5","1629597","Zylan Cheatham","1612709913","Birmingham","Squadron","BIR","0","0",NA,NA,NA,NA,NA,"0",0
"2052200270","499","1","50","4","11:16 PM","0:00",NA,NA,"Cheatham 2' Running Dunk (6 PTS)","90 - 95","5","5","1629597","Zylan Cheatham","1612709913","Birmingham","Squadron","BIR","0","0",NA,NA,NA,NA,NA,"0","0",NA,NA,NA,NA,NA,"0",0
"2052200270","500","6","2","4","11:16 PM","0:00",NA,NA,"Seabron S.FOUL (P2.T3)",NA,NA,"5","1631220","Dereon Seabron","1612709913","Birmingham","Squadron","BIR","4","1631317","Adonis Arms","1612709917","Grand Rapids","Gold","GRG","1","0",NA,NA,NA,NA,NA,"0",0
"2052200270","502","8","0","4","11:17 PM","0:00","SUB: Butler FOR Randle",NA,NA,NA,NA,"4","1626184","Chasson Randle","1612709917","Grand Rapids","Gold","GRG","4","1630215","Jared Butler","1612709917","Grand Rapids","Gold","GRG","0","0",NA,NA,NA,NA,NA,"0",0
"2052200270","504","3","31","4","11:17 PM","0:00","Arms Free Throw 2PT (12 PTS)",NA,NA,"90 - 97","7","4","1631317","Adonis Arms","1612709917","Grand Rapids","Gold","GRG","0","0",NA,NA,NA,NA,NA,"0","0",NA,NA,NA,NA,NA,"0",0
"2052200270","505","2","5","4","11:17 PM","0:00","Arms BLOCK (1 BLK)",NA,"MISS Seabron 3' Layup",NA,NA,"5","1631220","Dereon Seabron","1612709913","Birmingham","Squadron","BIR","0","0",NA,NA,NA,NA,NA,"4","1631317","Adonis Arms","1612709917","Grand Rapids","Gold","GRG","0",0
"2052200270","507","4","0","4","11:17 PM","0:00","Golden REBOUND (Off:0 Def:5)",NA,NA,NA,NA,"4","1631371","Grant Golden","1612709917","Grand Rapids","Gold","GRG","0","0",NA,NA,NA,NA,NA,"0","0",NA,NA,NA,NA,NA,"0",0
"2052200270","508","5","1","4","11:17 PM","0:00","Golden Bad Pass Turnover (P2.T20)",NA,"Smart STEAL (1 STL)",NA,NA,"4","1631371","Grant Golden","1612709917","Grand Rapids","Gold","GRG","5","1630606","Javonte Smart","1612709913","Birmingham","Squadron","BIR","0","0",NA,NA,NA,NA,NA,"0",0
"2052200270","510","2","5","4","11:17 PM","0:00",NA,NA,"MISS Seabron 3' Layup",NA,NA,"5","1631220","Dereon Seabron","1612709913","Birmingham","Squadron","BIR","0","0",NA,NA,NA,NA,NA,"0","0",NA,NA,NA,NA,NA,"0",0
"2052200270","511","4","0","4","11:17 PM","0:00","Camper REBOUND (Off:3 Def:1)",NA,NA,NA,NA,"4","1630720","Manny Camper","1612709917","Grand Rapids","Gold","GRG","0","0",NA,NA,NA,NA,NA,"0","0",NA,NA,NA,NA,NA,"0",0
"2052200270","512","2","5","4","11:17 PM","0:00","MISS Arms 4' Layup",NA,"Cheatham BLOCK (2 BLK)",NA,NA,"4","1631317","Adonis Arms","1612709917","Grand Rapids","Gold","GRG","0","0",NA,NA,NA,NA,NA,"5","1629597","Zylan Cheatham","1612709913","Birmingham","Squadron","BIR","0",0
"2052200270","514","4","0","4","11:18 PM","0:00","GOLD Rebound",NA,NA,NA,NA,"2","1612709917",NA,NA,NA,NA,NA,"0","0",NA,NA,NA,NA,NA,"0","0",NA,NA,NA,NA,NA,"0",0
"2052200270","516","1","7","4","11:18 PM","0:00","Golden 1' Dunk (8 PTS) (Arms 4 AST)",NA,NA,"90 - 99","9","4","1631371","Grant Golden","1612709917","Grand Rapids","Gold","GRG","4","1631317","Adonis Arms","1612709917","Grand Rapids","Gold","GRG","0","0",NA,NA,NA,NA,NA,"0",0
"2052200270","518","6","2","4","11:18 PM","0:00","Golden S.FOUL (P1.T2)",NA,NA,NA,NA,"4","1631371","Grant Golden","1612709917","Grand Rapids","Gold","GRG","5","1629597","Zylan Cheatham","1612709913","Birmingham","Squadron","BIR","1","0",NA,NA,NA,NA,NA,"0",0
"2052200270","520","8","0","4","11:18 PM","0:00",NA,NA,"SUB: Martin FOR Hunt",NA,NA,"5","1630624","Feron Hunt","1612709913","Birmingham","Squadron","BIR","5","1629103","Kelan Martin","1612709913","Birmingham","Squadron","BIR","0","0",NA,NA,NA,NA,NA,"0",0
"2052200270","522","3","31","4","11:19 PM","0:00",NA,NA,"Cheatham Free Throw 2PT (8 PTS)","92 - 99","7","5","1629597","Zylan Cheatham","1612709913","Birmingham","Squadron","BIR","0","0",NA,NA,NA,NA,NA,"0","0",NA,NA,NA,NA,NA,"0",0
"2052200270","523","1","6","4","11:19 PM","0:00","Arms 2' Driving Layup (14 PTS) (Butler 4 AST)",NA,NA,"92 - 101","9","4","1631317","Adonis Arms","1612709917","Grand Rapids","Gold","GRG","4","1630215","Jared Butler","1612709917","Grand Rapids","Gold","GRG","0","0",NA,NA,NA,NA,NA,"0",0
"2052200270","525","1","101","4","11:19 PM","0:00",NA,NA,"Lewis Jr. 8' Driving Floating Jump Shot (16 PTS)","94 - 101","7","5","1630184","Kira Lewis Jr.","1612709913","Birmingham","Squadron","BIR","0","0",NA,NA,NA,NA,NA,"0","0",NA,NA,NA,NA,NA,"0",0
"2052200270","526","2","5","4","11:20 PM","0:00","MISS Camper 3' Layup",NA,NA,NA,NA,"4","1630720","Manny Camper","1612709917","Grand Rapids","Gold","GRG","0","0",NA,NA,NA,NA,NA,"0","0",NA,NA,NA,NA,NA,"0",0
"2052200270","527","4","0","4","11:20 PM","0:00","Camper REBOUND (Off:4 Def:1)",NA,NA,NA,NA,"4","1630720","Manny Camper","1612709917","Grand Rapids","Gold","GRG","0","0",NA,NA,NA,NA,NA,"0","0",NA,NA,NA,NA,NA,"0",0
"2052200270","528","1","5","4","11:20 PM","0:00","Camper 4' Layup (9 PTS)",NA,NA,"94 - 103","9","4","1630720","Manny Camper","1612709917","Grand Rapids","Gold","GRG","0","0",NA,NA,NA,NA,NA,"0","0",NA,NA,NA,NA,NA,"0",0
"2052200270","529","6","2","4","11:20 PM","0:00",NA,NA,"Seabron S.FOUL (P3.T4)",NA,NA,"5","1631220","Dereon Seabron","1612709913","Birmingham","Squadron","BIR","4","1630720","Manny Camper","1612709917","Grand Rapids","Gold","GRG","1","0",NA,NA,NA,NA,NA,"0",0
"2052200270","531","3","30","4","11:20 PM","0:00","MISS Camper Free Throw 1PT",NA,NA,NA,NA,"4","1630720","Manny Camper","1612709917","Grand Rapids","Gold","GRG","0","0",NA,NA,NA,NA,NA,"0","0",NA,NA,NA,NA,NA,"0",0
"2052200270","532","4","0","4","11:20 PM","0:00",NA,NA,"Cheatham REBOUND (Off:2 Def:3)",NA,NA,"5","1629597","Zylan Cheatham","1612709913","Birmingham","Squadron","BIR","0","0",NA,NA,NA,NA,NA,"0","0",NA,NA,NA,NA,NA,"0",0
"2052200270","533","2","1","4","11:21 PM","0:00",NA,NA,"MISS Smart 28' 3PT Jump Shot",NA,NA,"5","1630606","Javonte Smart","1612709913","Birmingham","Squadron","BIR","0","0",NA,NA,NA,NA,NA,"0","0",NA,NA,NA,NA,NA,"0",0
"2052200270","534","4","0","4","11:21 PM","0:00","Golden REBOUND (Off:0 Def:6)",NA,NA,NA,NA,"4","1631371","Grant Golden","1612709917","Grand Rapids","Gold","GRG","0","0",NA,NA,NA,NA,NA,"0","0",NA,NA,NA,NA,NA,"0",0
"2052200270","535","2","1","4","11:21 PM","0:00","MISS Arms 29' 3PT Jump Shot",NA,NA,NA,NA,"4","1631317","Adonis Arms","1612709917","Grand Rapids","Gold","GRG","0","0",NA,NA,NA,NA,NA,"0","0",NA,NA,NA,NA,NA,"0",0
"2052200270","536","4","0","4","11:21 PM","0:00",NA,NA,"Martin REBOUND (Off:0 Def:7)",NA,NA,"5","1629103","Kelan Martin","1612709913","Birmingham","Squadron","BIR","0","0",NA,NA,NA,NA,NA,"0","0",NA,NA,NA,NA,NA,"0",0
"2052200270","537","6","2","4","11:21 PM","0:00","Camper S.FOUL (P4.T3)",NA,NA,NA,NA,"4","1630720","Manny Camper","1612709917","Grand Rapids","Gold","GRG","5","1630184","Kira Lewis Jr.","1612709913","Birmingham","Squadron","BIR","1","0",NA,NA,NA,NA,NA,"0",0
"2052200270","539","3","11","4","11:22 PM","0:00",NA,NA,"Lewis Jr. Free Throw 1 of 2 (17 PTS)","95 - 103","8","5","1630184","Kira Lewis Jr.","1612709913","Birmingham","Squadron","BIR","0","0",NA,NA,NA,NA,NA,"0","0",NA,NA,NA,NA,NA,"0",0
"2052200270","540","8","0","4","11:22 PM","0:00","SUB: White FOR Camper",NA,NA,NA,NA,"4","1630720","Manny Camper","1612709917","Grand Rapids","Gold","GRG","4","1631298","Jack White","1612709917","Grand Rapids","Gold","GRG","0","0",NA,NA,NA,NA,NA,"0",0
"2052200270","542","3","12","4","11:22 PM","0:00",NA,NA,"Lewis Jr. Free Throw 2 of 2 (18 PTS)","96 - 103","7","5","1630184","Kira Lewis Jr.","1612709913","Birmingham","Squadron","BIR","0","0",NA,NA,NA,NA,NA,"0","0",NA,NA,NA,NA,NA,"0",0
"2052200270","543","2","1","4","11:22 PM","0:00","MISS Butler 10' Jump Shot",NA,NA,NA,NA,"4","1630215","Jared Butler","1612709917","Grand Rapids","Gold","GRG","0","0",NA,NA,NA,NA,NA,"0","0",NA,NA,NA,NA,NA,"0",0
"2052200270","544","4","0","4","11:22 PM","0:00",NA,NA,"Cheatham REBOUND (Off:2 Def:4)",NA,NA,"5","1629597","Zylan Cheatham","1612709913","Birmingham","Squadron","BIR","0","0",NA,NA,NA,NA,NA,"0","0",NA,NA,NA,NA,NA,"0",0
"2052200270","545","2","1","4","11:23 PM","0:00",NA,NA,"MISS Lewis Jr. 25' 3PT Jump Shot",NA,NA,"5","1630184","Kira Lewis Jr.","1612709913","Birmingham","Squadron","BIR","0","0",NA,NA,NA,NA,NA,"0","0",NA,NA,NA,NA,NA,"0",0
"2052200270","546","4","0","4","11:23 PM","0:00","Butler REBOUND (Off:0 Def:4)",NA,NA,NA,NA,"4","1630215","Jared Butler","1612709917","Grand Rapids","Gold","GRG","0","0",NA,NA,NA,NA,NA,"0","0",NA,NA,NA,NA,NA,"0",0
"2052200270","547","2","101","4","11:23 PM","0:00","MISS Golden 15' Driving Floating Jump Shot",NA,NA,NA,NA,"4","1631371","Grant Golden","1612709917","Grand Rapids","Gold","GRG","0","0",NA,NA,NA,NA,NA,"0","0",NA,NA,NA,NA,NA,"0",0
"2052200270","548","4","0","4","11:23 PM","0:00",NA,NA,"Cheatham REBOUND (Off:2 Def:5)",NA,NA,"5","1629597","Zylan Cheatham","1612709913","Birmingham","Squadron","BIR","0","0",NA,NA,NA,NA,NA,"0","0",NA,NA,NA,NA,NA,"0",0
"2052200270","549","2","1","4","11:23 PM","0:00",NA,NA,"MISS Lewis Jr. 26' 3PT Jump Shot",NA,NA,"5","1630184","Kira Lewis Jr.","1612709913","Birmingham","Squadron","BIR","0","0",NA,NA,NA,NA,NA,"0","0",NA,NA,NA,NA,NA,"0",0
"2052200270","550","4","0","4","11:23 PM","0:00",NA,NA,"Smart REBOUND (Off:1 Def:2)",NA,NA,"5","1630606","Javonte Smart","1612709913","Birmingham","Squadron","BIR","0","0",NA,NA,NA,NA,NA,"0","0",NA,NA,NA,NA,NA,"0",0
"2052200270","551","6","1","4","11:23 PM","0:00","Arms P.FOUL (P2.T4)",NA,NA,NA,NA,"4","1631317","Adonis Arms","1612709917","Grand Rapids","Gold","GRG","5","1630184","Kira Lewis Jr.","1612709913","Birmingham","Squadron","BIR","1","0",NA,NA,NA,NA,NA,"0",0
"2052200270","553","3","11","4","11:24 PM","0:00",NA,NA,"Lewis Jr. Free Throw 1 of 2 (19 PTS)","97 - 103","6","5","1630184","Kira Lewis Jr.","1612709913","Birmingham","Squadron","BIR","0","0",NA,NA,NA,NA,NA,"0","0",NA,NA,NA,NA,NA,"0",0
"2052200270","554","3","12","4","11:24 PM","0:00",NA,NA,"MISS Lewis Jr. Free Throw 2 of 2",NA,NA,"5","1630184","Kira Lewis Jr.","1612709913","Birmingham","Squadron","BIR","0","0",NA,NA,NA,NA,NA,"0","0",NA,NA,NA,NA,NA,"0",0
"2052200270","555","4","0","4","11:24 PM","0:00","White REBOUND (Off:2 Def:6)",NA,NA,NA,NA,"4","1631298","Jack White","1612709917","Grand Rapids","Gold","GRG","0","0",NA,NA,NA,NA,NA,"0","0",NA,NA,NA,NA,NA,"0",0
"2052200270","556","2","5","4","11:24 PM","0:00","MISS Golden 5' Layup",NA,"Smart BLOCK (1 BLK)",NA,NA,"4","1631371","Grant Golden","1612709917","Grand Rapids","Gold","GRG","0","0",NA,NA,NA,NA,NA,"5","1630606","Javonte Smart","1612709913","Birmingham","Squadron","BIR","0",0
"2052200270","558","4","0","4","11:24 PM","0:00",NA,NA,"Smart REBOUND (Off:1 Def:3)",NA,NA,"5","1630606","Javonte Smart","1612709913","Birmingham","Squadron","BIR","0","0",NA,NA,NA,NA,NA,"0","0",NA,NA,NA,NA,NA,"0",0
"2052200270","559","6","2","4","11:25 PM","0:00","Grady S.FOUL (P1.PN)",NA,NA,NA,NA,"4","1631242","Kellan Grady","1612709917","Grand Rapids","Gold","GRG","5","1631220","Dereon Seabron","1612709913","Birmingham","Squadron","BIR","1","0",NA,NA,NA,NA,NA,"0",0
"2052200270","561","3","11","4","11:25 PM","0:00",NA,NA,"Seabron Free Throw 1 of 2 (15 PTS)","98 - 103","5","5","1631220","Dereon Seabron","1612709913","Birmingham","Squadron","BIR","0","0",NA,NA,NA,NA,NA,"0","0",NA,NA,NA,NA,NA,"0",0
"2052200270","562","3","12","4","11:25 PM","0:00",NA,NA,"Seabron Free Throw 2 of 2 (16 PTS)","99 - 103","4","5","1631220","Dereon Seabron","1612709913","Birmingham","Squadron","BIR","0","0",NA,NA,NA,NA,NA,"0","0",NA,NA,NA,NA,NA,"0",0
"2052200270","563","5","1","4","11:26 PM","0:00","Butler Bad Pass Turnover (P6.T21)",NA,"Smart STEAL (2 STL)",NA,NA,"4","1630215","Jared Butler","1612709917","Grand Rapids","Gold","GRG","5","1630606","Javonte Smart","1612709913","Birmingham","Squadron","BIR","0","0",NA,NA,NA,NA,NA,"0",0
"2052200270","565","6","2","4","11:26 PM","0:00","Butler S.FOUL (P3.PN)",NA,NA,NA,NA,"4","1630215","Jared Butler","1612709917","Grand Rapids","Gold","GRG","5","1630606","Javonte Smart","1612709913","Birmingham","Squadron","BIR","1","0",NA,NA,NA,NA,NA,"0",0
"2052200270","567","3","11","4","11:26 PM","0:00",NA,NA,"MISS Smart Free Throw 1 of 2",NA,NA,"5","1630606","Javonte Smart","1612709913","Birmingham","Squadron","BIR","0","0",NA,NA,NA,NA,NA,"0","0",NA,NA,NA,NA,NA,"0",0
"2052200270","568","4","1","4","11:26 PM","0:00",NA,NA,"Squadron Rebound",NA,NA,"3","1612709913",NA,NA,NA,NA,NA,"0","0",NA,NA,NA,NA,NA,"0","0",NA,NA,NA,NA,NA,"0",0
"2052200270","569","8","0","4","11:26 PM","0:00","SUB: Randle FOR Butler",NA,NA,NA,NA,"4","1630215","Jared Butler","1612709917","Grand Rapids","Gold","GRG","4","1626184","Chasson Randle","1612709917","Grand Rapids","Gold","GRG","0","0",NA,NA,NA,NA,NA,"0",0
"2052200270","571","3","12","4","11:27 PM","0:00",NA,NA,"Smart Free Throw 2 of 2 (11 PTS)","100 - 103","3","5","1630606","Javonte Smart","1612709913","Birmingham","Squadron","BIR","0","0",NA,NA,NA,NA,NA,"0","0",NA,NA,NA,NA,NA,"0",0
"2052200270","572","6","2","4","11:27 PM","0:00",NA,NA,"Lewis Jr. S.FOUL (P2.PN)",NA,NA,"5","1630184","Kira Lewis Jr.","1612709913","Birmingham","Squadron","BIR","4","1631371","Grant Golden","1612709917","Grand Rapids","Gold","GRG","1","0",NA,NA,NA,NA,NA,"0",0
"2052200270","574","3","11","4","11:27 PM","0:00","Golden Free Throw 1 of 2 (9 PTS)",NA,NA,"100 - 104","4","4","1631371","Grant Golden","1612709917","Grand Rapids","Gold","GRG","0","0",NA,NA,NA,NA,NA,"0","0",NA,NA,NA,NA,NA,"0",0
"2052200270","575","3","12","4","11:28 PM","0:00","Golden Free Throw 2 of 2 (10 PTS)",NA,NA,"100 - 105","5","4","1631371","Grant Golden","1612709917","Grand Rapids","Gold","GRG","0","0",NA,NA,NA,NA,NA,"0","0",NA,NA,NA,NA,NA,"0",0
"2052200270","576","9","1","4","11:28 PM","0:00",NA,NA,"Squadron Timeout: Regular (Reg.4 Short 0)",NA,NA,"3","1612709913",NA,NA,NA,NA,NA,"0","0",NA,NA,NA,NA,NA,"0","0",NA,NA,NA,NA,NA,"0",0
"2052200270","577","2","1","4","11:30 PM","0:00",NA,NA,"MISS Seabron 27' 3PT Jump Shot",NA,NA,"5","1631220","Dereon Seabron","1612709913","Birmingham","Squadron","BIR","0","0",NA,NA,NA,NA,NA,"0","0",NA,NA,NA,NA,NA,"0",0
"2052200270","578","4","0","4","11:30 PM","0:00","Golden REBOUND (Off:0 Def:7)",NA,NA,NA,NA,"4","1631371","Grant Golden","1612709917","Grand Rapids","Gold","GRG","0","0",NA,NA,NA,NA,NA,"0","0",NA,NA,NA,NA,NA,"0",0
"2052200270","579","1","1","4","11:30 PM","0:00","Randle 29' 3PT Jump Shot (20 PTS) (Grady 8 AST)",NA,NA,"100 - 108","8","4","1626184","Chasson Randle","1612709917","Grand Rapids","Gold","GRG","4","1631242","Kellan Grady","1612709917","Grand Rapids","Gold","GRG","0","0",NA,NA,NA,NA,NA,"0",0
"2052200270","581","2","6","4","11:30 PM","0:00",NA,NA,"MISS Seabron 3' Driving Layup",NA,NA,"5","1631220","Dereon Seabron","1612709913","Birmingham","Squadron","BIR","0","0",NA,NA,NA,NA,NA,"0","0",NA,NA,NA,NA,NA,"0",0
"2052200270","582","4","0","4","11:30 PM","0:00","Arms REBOUND (Off:0 Def:7)",NA,NA,NA,NA,"4","1631317","Adonis Arms","1612709917","Grand Rapids","Gold","GRG","0","0",NA,NA,NA,NA,NA,"0","0",NA,NA,NA,NA,NA,"0",0
"2052200270","583","2","1","4","11:30 PM","0:00","MISS Grady 27' 3PT Jump Shot",NA,NA,NA,NA,"4","1631242","Kellan Grady","1612709917","Grand Rapids","Gold","GRG","0","0",NA,NA,NA,NA,NA,"0","0",NA,NA,NA,NA,NA,"0",0
"2052200270","584","4","0","4","11:31 PM","0:00","GOLD Rebound",NA,NA,NA,NA,"2","1612709917",NA,NA,NA,NA,NA,"0","0",NA,NA,NA,NA,NA,"0","0",NA,NA,NA,NA,NA,"0",0
"2052200270","586","1","1","4","11:31 PM","0:00","Randle 27' 3PT Jump Shot (23 PTS) (Arms 5 AST)",NA,NA,"100 - 111","11","4","1626184","Chasson Randle","1612709917","Grand Rapids","Gold","GRG","4","1631317","Adonis Arms","1612709917","Grand Rapids","Gold","GRG","0","0",NA,NA,NA,NA,NA,"0",0
"2052200270","588","13","0","4","11:31 PM","0:00",NA,"End of 4th Period (11:31 PM EST)",NA,"100 - 111","11","0","0",NA,NA,NA,NA,NA,"0","0",NA,NA,NA,NA,NA,"0","0",NA,NA,NA,NA,NA,"0",0
